{"random": [6348.0497855428575, 12765.52945372407, 19117.739366586065, 25535.01262387934, 31924.44223524825, 38280.931060313116, 44688.65299792532, 51026.23874467719, 57466.23771377868, 63853.85623213158, 70244.21264533582, 76644.87177829376, 83079.24818722943, 89457.93951797247, 95836.90779517712, 102225.36501952467, 108619.34133628312, 115047.76694139295, 121472.55444556216, 127868.68165155618, 134268.32802957584, 140663.12512037766, 147033.43614193372, 153418.48121104282, 159775.56466027183, 166174.98431944306, 172566.75439817176, 179024.52290404984, 185443.16383336965, 191864.0779590403, 198244.85561292246, 204705.34631467974, 211102.31000719132, 217554.2415040475, 223961.5662284592, 230346.58502384435, 236744.13990597823, 243149.47941184035, 249574.73928401803, 255932.3822342812, 262343.3954520997, 268721.85106339364, 275139.05239045393, 281539.2829740464, 287935.8774858755, 294339.01562896103, 300675.62557809165, 307069.1890311024, 313501.26720454346, 319921.586560403, 326326.8902193407, 332774.7532834295, 339176.2590709413, 345578.16240326944, 351975.83485149045, 358403.5133842924, 364829.698036507, 371140.92600067664, 377497.0441343486, 383831.2353759386, 390198.2741710669, 396649.5756320507, 403025.1108264495, 409402.207304635, 415809.9439633643, 422250.0844573532, 428616.3910326278, 435054.424995453, 441436.60621664673, 447804.756957725, 454231.7161504965, 460680.8581880319, 467108.0370250446, 473505.71759060415, 479911.09302328504, 486310.4418686695, 492738.20620539185, 499153.5859992403, 505613.2432697791, 512036.3391284237, 518443.2118544341, 524789.415646807, 531154.4358572979, 537555.4697301504, 543996.3436532586, 550403.1497949363, 556781.8780529165, 563139.088191346, 569518.554464577, 575957.3369771504, 582343.0207837322, 588736.1418574341, 595122.6323473061, 601503.5769366409, 607915.2424071631, 614356.1938705342, 620776.5747622564, 627211.5825006671, 633558.6841600944, 639927.0835794248], "etc-seg-explore": [6380.0497855428575, 12811.52945372407, 18296.739366586065, 23726.01262387934, 29306.44223524825, 34809.931060313116, 40478.65299792532, 46362.23874467719, 52499.23771377868, 58318.85623213158, 64265.21264533583, 70311.87177829376, 76354.24818722943, 82568.93951797247, 88767.90779517712, 94899.36501952467, 101089.34133628312, 107283.76694139295, 113612.55444556216, 120014.68165155618, 126264.32802957584, 132710.12512037766, 139092.43614193372, 145407.48121104282, 151784.56466027183, 158224.98431944306, 164552.75439817176, 171051.52290404984, 177432.16383336965, 183986.0779590403, 190402.85561292246, 196782.34631467974, 203286.31000719132, 209820.2415040475, 216318.5662284592, 222768.58502384435, 229195.13990597823, 235691.47941184035, 242137.73928401803, 248610.3822342812, 255113.39545209968, 261537.8510633936, 267998.0523904539, 274524.28297404636, 281019.87748587545, 287492.015628961, 293945.6255780916, 300429.18903110235, 306946.2672045434, 313523.58656040294, 320100.8902193406, 326638.7532834294, 333175.25907094125, 339519.1624032694, 345896.8348514904, 352241.51338429237, 358635.69803650695, 364831.9260006766, 370998.0441343485, 377147.23537593853, 383319.2741710668, 389496.57563205063, 395751.11082644947, 401909.20730463497, 408142.94396336423, 414337.08445735316, 420388.3910326277, 426577.4249954529, 432836.6062166467, 438936.7569577249, 445056.71615049645, 451067.8581880318, 457032.03702504456, 462977.7175906041, 468844.093023285, 474748.44186866947, 480749.2062053918, 486715.5859992402, 492699.243269779, 498592.33912842366, 504601.21185443405, 510461.41564680706, 516295.43585729785, 522182.4697301504, 528058.3436532586, 533933.1497949363, 539785.8780529165, 545605.088191346, 551333.554464577, 556887.3369771504, 562470.0207837322, 568008.1418574341, 573515.6323473061, 578706.5769366409, 583737.2424071631, 588795.1938705342, 593722.5747622564, 598504.5825006671, 603187.6841600944, 607537.0835794248], "etc-seg-exploit": [6360.0497855428575, 12707.52945372407, 18246.739366586065, 23790.01262387934, 29598.44223524825, 35197.931060313116, 41015.65299792532, 46863.23874467719, 52680.23771377868, 58670.85623213158, 64630.21264533583, 70652.87177829376, 76639.24818722943, 82729.93951797247, 88981.90779517712, 95146.36501952467, 101383.34133628312, 107502.76694139295, 113529.55444556216, 119665.68165155618, 125707.32802957584, 131465.12512037766, 137058.43614193372, 142416.48121104282, 147475.56466027183, 152303.98431944306, 156740.75439817176, 160897.52290404984, 164403.16383336965, 167712.0779590403, 170649.85561292246, 173409.34631467974, 175775.31000719132, 177974.2415040475, 179802.5662284592, 181315.58502384435, 182378.13990597823, 183337.47941184035, 184173.73928401803, 184869.3822342812, 185543.39545209968, 185957.8510633936, 186369.05239045387, 186696.28297404636, 187093.87748587545, 187497.01562896097, 187848.62557809163, 188186.18903110237, 188595.26720454343, 188980.58656040297, 189316.89021934065, 189676.75328342945, 190019.25907094128, 190363.1624032694, 190630.83485149045, 190955.51338429243, 191318.698036507, 191673.92600067664, 191974.04413434857, 192351.2353759386, 192659.27417106688, 192986.5756320507, 193316.11082644953, 193582.207304635, 193843.94396336423, 194118.0844573532, 194439.39103262775, 194786.42499545295, 195088.6062166467, 195365.75695772495, 195660.7161504965, 195976.85818803188, 196224.0370250446, 196525.71759060412, 196888.093023285, 197190.4418686695, 197476.20620539182, 197739.58599924028, 198008.24326977908, 198299.3391284237, 198542.21185443405, 198863.41564680703, 199189.4358572978, 199481.46973015036, 199780.34365325855, 200084.1497949362, 200410.87805291647, 200731.08819134603, 201051.55446457703, 201380.33697715044, 201719.02078373224, 202030.1418574341, 202241.63234730618, 202504.57693664098, 202785.24240716317, 203047.19387053422, 203298.5747622564, 203564.58250066717, 203846.68416009442, 204077.0835794248], "epsilon-greedy-explore": [6328.0497855428575, 12400.52945372407, 16076.739366586065, 18418.01262387934, 20638.44223524825, 22841.931060313116, 24988.652997925317, 27103.23874467719, 29047.237713778683, 30983.856232131577, 32904.21264533583, 34743.87177829377, 36575.24818722944, 38472.93951797247, 40250.90779517712, 41945.365019524674, 43693.34133628312, 45366.766941392954, 47060.55444556216, 48733.68165155617, 50367.32802957584, 51957.12512037767, 53571.43614193374, 55095.48121104283, 56612.564660271855, 58175.98431944309, 59664.75439817179, 61085.52290404985, 62630.163833369676, 64042.07795904034, 65432.8556129225, 66895.34631467979, 68327.31000719135, 69710.24150404753, 71192.56622845925, 72604.58502384438, 73954.13990597827, 75303.47941184041, 76628.73928401808, 77951.38223428125, 79314.39545209972, 80688.85106339365, 82068.05239045391, 83355.2829740464, 84643.87748587548, 85937.01562896099, 87229.62557809163, 88517.18903110237, 89736.26720454344, 90903.58656040298, 92145.89021934067, 93339.75328342948, 94503.2590709413, 95661.16240326945, 96900.83485149048, 98080.51338429244, 99254.69803650702, 100406.92600067667, 101632.0441343486, 102764.23537593862, 103871.27417106692, 105047.57563205074, 106164.11082644956, 107321.20730463504, 108391.94396336429, 109520.08445735325, 110686.3910326278, 111817.42499545298, 112976.60621664675, 114125.756957725, 115263.71615049655, 116319.85818803193, 117438.03702504464, 118597.71759060417, 119614.09302328507, 120747.44186866957, 121780.20620539189, 122858.58599924036, 123868.24326977915, 124915.33912842376, 125992.21185443414, 127026.41564680712, 128114.43585729788, 129253.46973015045, 130300.34365325865, 131342.1497949363, 132393.87805291655, 133422.08819134612, 134398.55446457712, 135409.33697715052, 136452.02078373233, 137552.14185743418, 138624.63234730627, 139634.57693664107, 140698.24240716326, 141705.1938705343, 142774.5747622565, 143794.58250066725, 144851.68416009453, 145837.0835794249],