{"random": [13072.733396555835, 26155.227638112847, 39189.96786721751, 52251.23724423803, 65364.21066742835, 78502.22791134189, 91541.23105547717, 104699.65562938426, 117820.90841840084, 130869.20061849453, 143949.44372898177, 157103.76351833742, 170269.5428215445, 183310.865825029, 196412.49060829304, 209455.20389802725, 222568.2830677088, 235646.35324843338, 248661.454894141, 261852.02212188178, 275040.4544125096, 288189.71772619156, 301370.8253489125, 314466.68606123695, 327601.11424996547, 340653.2529223332, 353777.0484806572, 366908.7832837362, 380038.1794838786, 393122.4797213816, 406233.8313894734, 419399.1861957633, 432524.740639361, 445602.9387892836, 458686.1023438686, 471717.1000924576, 484868.28937313217, 498042.4029946001, 511151.72149263363, 524312.8640655993, 537440.5044335627, 550446.2065055255, 563478.1873997427, 576493.9716377603, 589566.0888593995, 602680.6635481326, 615766.9722129173, 628903.472480537, 642026.1839887111, 655179.1384078359, 668371.4405107913, 681465.992964544, 694609.7092052142, 707686.4166584257, 720741.8586580192, 733895.1118160118, 747029.9284140104, 760103.0464666736, 773306.3381011202, 786502.0677397146, 799571.662848061, 812688.9287615332, 825812.0839012667, 838872.3143341407, 851976.3785031708, 865014.796698898, 878176.774492541, 891331.1638307538, 904474.1678705724, 917653.6837784952, 930794.7313122164, 943948.6200426386, 957075.8309819904, 970215.6624652473, 983407.1983226828, 996570.4828577513, 1009750.3632524455, 1022834.6976946697, 1035896.902533227, 1048919.9903607718, 1062053.7278375698, 1075130.885740868, 1088190.1696878765, 1101224.2246548817, 1114343.019938026, 1127395.6486044305, 1140408.445607445, 1153547.7731140528, 1166634.8264029128, 1179715.2906361837, 1192932.909953501, 1206080.2833012668, 1219106.8426064246, 1232178.4007138477, 1245306.6468745377, 1258485.9157290137, 1271607.0247262665, 1284680.9909303123, 1297862.4786864715, 1311020.2305103245], "etc-seg-explore": [13071.733396555835, 26241.227638112847, 37558.96786721751, 48237.23724423803, 59237.21066742835, 70505.22791134189, 81482.23105547717, 93304.65562938426, 105100.90841840084, 117748.20061849453, 130238.44372898177, 143039.76351833742, 155675.5428215445, 167990.865825029, 180464.49060829304, 193179.20389802725, 205968.2830677088, 218967.35324843338, 231955.454894141, 245053.02212188178, 258256.45441250963, 271364.71772619156, 284682.8253489125, 297634.68606123695, 310852.11424996547, 324092.2529223332, 337302.0484806572, 350436.7832837362, 363644.1794838786, 376942.4797213816, 390215.8313894734, 403545.1861957633, 416853.740639361, 430134.9387892836, 443394.1023438686, 456257.1000924576, 469262.28937313217, 482178.4029946001, 495157.72149263363, 508310.8640655993, 521089.50443356275, 534136.2065055255, 547144.1873997427, 560278.9716377603, 573346.0888593995, 586402.6635481326, 599424.9722129173, 612388.472480537, 625450.1839887111, 638460.1384078359, 651522.4405107913, 664514.992964544, 677598.7092052142, 690306.4166584257, 703033.8586580192, 715614.1118160118, 728034.9284140104, 740120.0464666736, 752321.3381011202, 764423.0677397146, 776218.662848061, 788199.9287615332, 800040.0839012667, 811718.3143341407, 823278.3785031708, 834887.796698898, 846442.774492541, 857949.1638307538, 869191.1678705724, 879740.6837784952, 889956.7313122164, 899798.6200426386, 909300.8309819904, 918390.6624652473, 927114.1983226828, 934848.4828577513, 942337.3632524455, 949146.6976946697, 955395.902533227, 960915.9903607718, 965870.7278375697, 970572.8857408678, 974644.1696878762, 978265.2246548814, 981444.0199380257, 984009.6486044301, 986368.4456074447, 987956.7731140527, 989228.8264029126, 990194.2906361835, 990936.9099535008, 991500.2833012667, 991913.8426064246, 992146.4007138477, 992357.6468745377, 992727.9157290137, 992979.0247262664, 993256.9909303121, 993528.4786864711, 993697.2305103242], "etc-seg-exploit": [13028.733396555835, 26169.227638112847, 37807.96786721751, 48227.23724423803, 59047.21066742835, 69531.22791134189, 80887.23105547717, 92754.65562938426, 104215.90841840084, 117015.20061849453, 129810.44372898177, 142847.76351833742, 155469.5428215445, 168142.865825029, 181033.49060829304, 193624.20389802725, 205502.2830677088, 217271.35324843338, 228920.454894141, 240705.02212188178, 252212.45441250963, 259926.71772619156, 264477.8253489125, 266111.68606123695, 267542.11424996547, 268249.2529223332, 269106.0484806572, 269814.7832837362, 270616.1794838786, 271219.4797213816, 271784.8313894734, 272374.1861957633, 272898.740639361, 273375.9387892836, 273843.1023438686, 274341.1000924576, 274813.28937313217, 275310.4029946001, 275801.72149263363, 276288.8640655993, 276748.50443356275, 277149.2065055255, 277652.1873997426, 278211.9716377602, 278668.0888593995, 279157.6635481325, 279568.9722129171, 280012.4724805368, 280431.18398871087, 280791.1384078356, 281281.440510791, 281690.9929645437, 282109.7092052138, 282528.41665842535, 282998.8586580189, 283374.11181601154, 283859.9284140102, 284267.0464666733, 284752.33810111997, 285136.0677397144, 285622.6628480607, 286028.92876153305, 286481.08390126657, 286924.3143341407, 287270.3785031708, 287563.7966988979, 287902.77449254086, 288399.16383075365, 288802.16787057224, 289184.683778495, 289507.73131221626, 289978.6200426385, 290316.83098199026, 290725.66246524715, 291138.19832268264, 291576.48285775125, 291876.3632524454, 292376.6976946697, 292854.902533227, 293241.99036077183, 293696.7278375698, 294101.88574086793, 294472.1696878763, 294852.22465488146, 295205.01993802586, 295591.64860443026, 296016.44560744485, 296362.7731140528, 296678.8264029127, 296983.2906361835, 297377.90995350096, 297797.2833012668, 298181.84260642465, 298517.4007138478, 298930.6468745377, 299171.91572901374, 299576.02472626645, 300089.9909303122, 300405.47868647124, 300755.2305103243], "epsilon-greedy-explore": [13062.733396555835, 25116.227638112847, 30436.967867217507, 35149.23724423803, 39339.21066742835, 43252.22791134189, 47163.23105547716, 50779.65562938425, 54438.90841840083, 58046.200618494535, 61438.44372898177, 64879.763518337415, 68129.5428215445, 71305.86582502899, 74486.49060829302, 77564.20389802723, 80654.28306770879, 83643.35324843336, 86598.45489414096, 89499.02212188173, 92325.4544125096, 95106.71772619153, 97786.82534891249, 100545.68606123693, 103338.11424996545, 106011.25292233317, 108608.0484806572, 111221.78328373618, 113756.1794838786, 116235.47972138165, 118697.8313894734, 121146.1861957633, 123500.74063936101, 125867.9387892836, 128209.10234386852, 130446.10009245755, 132706.2893731321, 134940.4029946001, 137034.72149263363, 139239.8640655993, 141400.5044335628, 143562.2065055256, 145688.1873997427, 147814.9716377603, 149937.08885939958, 152197.6635481326, 154319.9722129172, 156372.47248053688, 158348.18398871092, 160371.1384078357, 162485.4405107911, 164563.99296454378, 166699.7092052139, 168612.41665842544, 170692.85865801896, 172683.11181601163, 174668.9284140103, 176608.04646667343, 178566.33810112005, 180458.06773971452, 182322.66284806086, 184194.92876153317, 186036.08390126668, 188003.3143341408, 189926.3785031709, 191818.79669889805, 193690.77449254104, 195522.16383075382, 197381.16787057242, 199265.68377849518, 201169.7313122164, 203045.62004263868, 204812.83098199044, 206628.66246524733, 208470.19832268282, 210198.48285775143, 211973.3632524456, 213698.69769466989, 215510.90253322717, 217168.99036077198, 218984.7278375699, 220785.88574086808, 222512.16968787648, 224347.22465488163, 226114.019938026, 227853.6486044304, 229614.44560744497, 231356.7731140529, 233132.8264029128, 234922.29063618364, 236646.90995350108, 238415.28330126693, 240157.84260642476, 241869.40071384792, 243595.64687453787, 245213.9157290139, 246936.02472626662, 248702.99093031237, 250390.4786864714, 252011.2305103245],