{"random": [3.4950422770700937, 6.85323060790869, 10.408329211716804, 15.115364836450732, 18.573502165902305, 22.784174532283323, 26.622773781483303, 31.464959435645525, 34.77520210507589, 38.692184090203305, 43.18738011358957, 47.2043450773518, 52.755613827507126, 56.36210820978311, 60.4630068201741, 63.505761492395315, 67.75746347819147, 72.91362439625118, 76.99087547504678, 80.78210070320144, 86.01925638900494, 89.50977217229769, 92.67585956412798, 97.57196231872756, 102.71167826530531, 106.41229260805217, 110.3537315458249, 115.9695400040867, 121.39722432889802, 124.86789761035526, 129.43955392359157, 134.74723319967308, 139.516189145445, 143.64599233533113, 148.35330086076928, 152.88942463022613, 157.81472707505594, 163.00779294073416, 164.88536534582985, 168.47332086834834, 174.4971197624448, 178.77263623700546, 183.21093106462152, 187.101304787853, 191.12466189262835, 196.61246130511336, 201.78322893703717, 205.51992020794367, 209.05322171974137, 211.92970073924806, 216.65570960052028, 222.0432268621806, 226.53641147613132, 230.71852203147103, 234.97741396629021, 239.43262292390824, 243.28893366157783, 246.7782422803058, 250.60545294009972, 253.9694116048285, 256.3567539905534, 261.25688808450485, 265.2750666496927, 269.4296913518127, 275.58853840199293, 278.8484012762207, 283.057866478037, 287.22449213670166, 290.6297213363739, 294.276689570535, 299.63896201434255, 302.7184034589269, 306.4334453764016, 309.3037991682809, 312.6926798739844, 317.87843663625154, 322.1524349141271, 326.2446238622007, 329.74865624514183, 332.77815716090976, 336.84707661650526, 340.01663064700347, 345.1328437181971, 349.5496204720528, 353.510512709046, 357.57904703221703, 360.235016436084, 364.65441638525374, 369.3525271366169, 374.690280721775, 379.38882430266347, 382.4219714253588, 387.0098671459121, 389.14046814380816, 391.1490950475095, 396.28668043026363, 400.7942027406538, 404.822885694472, 409.7199118483304, 413.76898835254815], "etc-seg-explore": [4.495042277070094, 8.85323060790869, 13.408329211716804, 18.11536483645073, 22.5735021659023, 24.784174532283323, 28.622773781483303, 32.464959435645525, 36.77520210507589, 40.692184090203305, 46.18738011358957, 48.2043450773518, 53.755613827507126, 58.36210820978311, 64.4630068201741, 68.50576149239532, 70.75746347819147, 73.91362439625118, 76.99087547504678, 79.78210070320144, 84.01925638900494, 87.50977217229769, 91.67585956412798, 93.57196231872756, 98.71167826530531, 103.41229260805217, 107.3537315458249, 109.9695400040867, 113.39722432889802, 114.86789761035526, 119.43955392359157, 124.74723319967308, 128.516189145445, 131.64599233533113, 134.35330086076928, 139.88942463022613, 144.81472707505594, 150.00779294073416, 154.88536534582985, 159.47332086834834, 165.4971197624448, 170.77263623700546, 174.21093106462152, 179.101304787853, 184.12466189262835, 188.61246130511336, 192.78322893703717, 195.51992020794367, 200.05322171974137, 204.92970073924806, 207.65570960052028, 213.0432268621806, 215.53641147613132, 218.71852203147103, 222.97741396629021, 227.43262292390824, 230.28893366157783, 234.7782422803058, 237.60545294009972, 240.9694116048285, 244.3567539905534, 249.25688808450485, 253.2750666496927, 255.42969135181275, 260.588538401993, 264.8484012762208, 269.05786647803706, 273.2244921367017, 277.62972133637396, 281.27668957053504, 285.6389620143426, 288.71840345892696, 290.43344537640166, 294.30379916828093, 297.69267987398445, 301.8784366362516, 306.1524349141272, 310.24462386220074, 312.7486562451419, 315.7781571609098, 318.8470766165053, 323.0166306470035, 328.13284371819714, 333.5496204720529, 336.51051270904605, 340.5790470322171, 342.23501643608404, 344.6544163852538, 349.35252713661697, 354.6902807217751, 359.3888243026635, 363.42197142535883, 367.00986714591215, 371.1404681438082, 374.14909504750955, 378.2866804302637, 383.7942027406539, 386.82288569447206, 391.71991184833047, 393.7689883525482], "etc-seg-exploit": [4.495042277070094, 8.85323060790869, 13.408329211716804, 18.11536483645073, 20.5735021659023, 23.784174532283323, 26.622773781483303, 30.464959435645525, 34.77520210507589, 35.692184090203305, 41.18738011358957, 44.2043450773518, 49.755613827507126, 54.36210820978311, 60.4630068201741, 65.50576149239532, 69.75746347819147, 74.91362439625118, 76.99087547504678, 80.78210070320144, 86.01925638900494, 90.50977217229769, 92.67585956412798, 96.57196231872756, 100.71167826530531, 103.41229260805217, 107.3537315458249, 112.9695400040867, 118.39722432889802, 120.86789761035526, 125.43955392359157, 128.74723319967308, 131.516189145445, 135.64599233533113, 140.35330086076928, 145.88942463022613, 150.81472707505594, 156.00779294073416, 159.88536534582985, 164.47332086834834, 170.4971197624448, 174.77263623700546, 179.21093106462152, 184.101304787853, 188.12466189262835, 190.61246130511336, 195.78322893703717, 197.51992020794367, 202.05322171974137, 204.92970073924806, 207.65570960052028, 213.0432268621806, 215.53641147613132, 220.71852203147103, 225.97741396629021, 228.43262292390824, 232.28893366157783, 236.7782422803058, 241.60545294009972, 244.9694116048285, 248.3567539905534, 252.25688808450485, 257.2750666496927, 260.4296913518127, 266.58853840199293, 269.8484012762207, 274.057866478037, 277.22449213670166, 282.6297213363739, 286.276689570535, 290.63896201434255, 293.7184034589269, 295.4334453764016, 298.3037991682809, 302.6926798739844, 306.87843663625154, 310.1524349141271, 313.2446238622007, 316.74865624514183, 320.77815716090976, 325.84707661650526, 329.01663064700347, 334.1328437181971, 339.5496204720528, 342.510512709046, 346.57904703221703, 351.235016436084, 355.65441638525374, 360.3525271366169, 364.690280721775, 369.38882430266347, 370.4219714253588, 374.0098671459121, 378.14046814380816, 382.1490950475095, 386.28668043026363, 391.7942027406538, 395.822885694472, 400.7199118483304, 403.76898835254815], "epsilon-greedy-explore": [4.495042277070094, 8.85323060790869, 12.408329211716804, 17.11536483645073, 20.5735021659023, 23.784174532283323, 28.622773781483303, 33.464959435645525, 36.77520210507589, 40.692184090203305, 45.18738011358957, 48.2043450773518, 53.755613827507126, 59.36210820978311, 63.4630068201741, 67.50576149239532, 70.75746347819147, 74.91362439625118, 77.99087547504678, 81.78210070320144, 87.01925638900494, 91.50977217229769, 94.67585956412798, 98.57196231872756, 102.71167826530531, 107.41229260805217, 111.3537315458249, 114.9695400040867, 119.39722432889802, 122.86789761035526, 122.43955392359157, 126.74723319967308, 130.516189145445, 132.64599233533113, 136.35330086076928, 140.88942463022613, 144.81472707505594, 149.00779294073416, 151.88536534582985, 155.47332086834834, 160.4971197624448, 164.77263623700546, 168.21093106462152, 170.101304787853, 173.12466189262835, 174.61246130511336, 179.78322893703717, 183.51992020794367, 188.05322171974137, 192.92970073924806, 194.65570960052028, 196.0432268621806, 197.53641147613132, 200.71852203147103, 203.97741396629021, 207.43262292390824, 208.28893366157783, 210.7782422803058, 212.60545294009972, 213.9694116048285, 217.3567539905534, 220.25688808450485, 221.2750666496927, 224.42969135181275, 229.588538401993, 232.84840127622078, 237.05786647803703, 239.22449213670168, 241.6297213363739, 241.27668957053496, 242.63896201434252, 243.7184034589269, 245.4334453764016, 247.30379916828088, 250.6926798739844, 251.8784366362515, 255.1524349141271, 258.2446238622006, 259.7486562451418, 261.7781571609097, 266.8470766165052, 270.0166306470034, 274.132843718197, 275.54962047205277, 276.51051270904594, 279.579047032217, 281.2350164360839, 285.6544163852537, 288.35252713661686, 293.69028072177497, 298.3888243026634, 300.4219714253587, 303.00986714591204, 305.1404681438081, 306.14909504750943, 308.2866804302636, 310.79420274065376, 312.82288569447195, 317.71991184833036, 318.7689883525481],