{"random": [13112.99692799895, 26120.39425451012, 39280.110595990256, 52404.873577687846, 65477.73631253364, 78591.10170556064, 91703.89873992461, 104804.96566987337, 117854.11984274427, 131006.39395561388, 144099.1798168923, 157233.0233139329, 170454.58555277917, 183532.59967792005, 196693.7202630952, 209814.6643887521, 222997.90430044866, 236095.27923896315, 249232.16606343334, 262361.7315848847, 275510.95026111265, 288655.4886711414, 301779.0947432541, 314841.8904208462, 327887.50209660234, 341017.13630567805, 354168.6366743792, 367284.96523310646, 380378.0668256643, 393442.5386873632, 406415.8788488454, 419529.8229788852, 432680.71148336004, 445812.41496527084, 458985.5778240796, 472110.7997012968, 485187.5967700265, 498273.11427646445, 511402.2046018816, 524456.3470218698, 537615.416687308, 550788.6185111984, 563851.3756895701, 576952.788395515, 590103.2230134064, 603267.2918035738, 616411.3444635972, 629387.2891370001, 642541.001198772, 655653.3125401656, 668698.0038036747, 681817.597732139, 694921.3300024581, 708049.4721987197, 721269.6455997701, 734310.0623991721, 747377.9084293447, 760490.7751842767, 773642.6778069317, 786786.9601521625, 799831.8695699889, 813062.8498158127, 826183.2969732902, 839292.1643881843, 852393.164114548, 865527.6714182068, 878536.3548272238, 891680.9775706357, 904803.7728549633, 917884.0213740247, 931042.0322548989, 944163.8604830857, 957265.5983939081, 970424.2907622072, 983538.0817241684, 996676.4920113502, 1009743.5806688808, 1022854.0792846382, 1035950.1198675818, 1049017.1283173126, 1062073.6418764917, 1075288.3541857398, 1088349.5373739637, 1101475.8529541998, 1114527.3111708271, 1127642.8460785781, 1140741.3094797216, 1153918.255464018, 1166996.4556834423, 1180011.4014939365, 1193070.4575583835, 1206115.1501797521, 1219159.098564675, 1232261.3638731886, 1245397.22105583, 1258489.272288901, 1271614.9476386826, 1284669.6964703144, 1297822.0639196218, 1310967.2166708857], "ts-seg-naive": [13160.99692799895, 24836.39425451012, 35014.110595990256, 42617.873577687846, 49049.73631253364, 54947.10170556064, 60322.89873992461, 65427.96566987337, 70326.11984274427, 75041.39395561388, 79475.1798168923, 83797.02331393288, 88084.58555277916, 92194.59967792004, 96124.7202630952, 99901.6643887521, 103506.90430044867, 107106.27923896316, 110581.16606343337, 113910.73158488469, 117200.95026111264, 120475.48867114137, 123672.09474325414, 126744.8904208462, 129677.50209660236, 132633.13630567805, 135444.63667437917, 138227.96523310646, 140976.0668256643, 143713.5386873632, 146386.87884884537, 148963.82297888517, 151419.71148336004, 153922.41496527084, 156348.5778240796, 158718.7997012968, 161102.5967700265, 163462.11427646445, 165794.20460188165, 168063.34702186988, 170382.416687308, 172587.61851119847, 174698.37568957015, 176913.78839551506, 179042.22301340644, 181095.29180357396, 183206.34446359728, 185232.28913700022, 187259.00119877208, 189161.31254016573, 191086.0038036749, 193039.59773213923, 194950.3300024582, 196787.47219871986, 198694.6455997703, 200505.06239917228, 202282.90842934485, 204120.77518427692, 205928.67780693184, 207624.96015216265, 209417.86956998913, 211176.84981581284, 212813.29697329036, 214507.1643881845, 216218.16411454818, 217831.671418207, 219498.354827224, 221066.97757063588, 222662.77285496346, 224278.0213740248, 225862.03225489898, 227391.86048308574, 228965.59839390806, 230573.29076220724, 232066.08172416835, 233588.49201135023, 235029.58066888078, 236552.07928463808, 238122.1198675817, 239593.1283173125, 241085.64187649175, 242466.35418573982, 243904.53737396369, 245409.8529541998, 246811.31117082722, 248272.84607857812, 249660.30947972144, 251100.25546401806, 252491.45568344224, 253937.40149393643, 255224.4575583833, 256662.15017975203, 257992.0985646749, 259403.36387318844, 260761.22105582972, 262063.27228890092, 263295.9476386823, 264647.6964703142, 265957.0639196215, 267247.21667088545]}