{"random": [13098.48858830829, 26194.918907294457, 39308.22062065843, 52368.37338225251, 65493.15075503814, 78568.51702059191, 91664.12584812465, 104859.04902230909, 117875.52974801976, 130959.23789050597, 144154.32638273344, 157293.68176044285, 170416.49190221544, 183539.54095211253, 196605.19959454017, 209637.90409943418, 222695.6402695322, 235711.16629680354, 248812.52943956855, 261903.7272288493, 275075.5335437621, 288147.58174846176, 301317.0939512828, 314529.94834648824, 327734.5208995404, 340904.58771673584, 354151.542207161, 367241.3084741725, 380429.75414708955, 393502.84750999155, 406662.8057395811, 419786.16211750725, 432930.2996515333, 446027.5847545649, 459139.8504160441, 472213.0872196696, 485363.92613125604, 498340.21964006656, 511368.4464715089, 524512.3703412557, 537677.2445747473, 550717.2467817272, 563781.103827415, 576924.3565599251, 590032.1627169921, 603018.4959514383, 616069.7810826859, 629153.3462054788, 642319.0684574165, 655381.963198699, 668586.607298719, 681618.4119370346, 694793.0902777386, 707927.4851793884, 720956.3979945984, 734064.1544618155, 747194.6106612994, 760425.83983906, 773549.8471479886, 786697.2085314688, 799846.0242079842, 812965.5962961955, 826069.0540165161, 839118.2659444081, 852234.3391297025, 865357.3281634335, 878503.53950665, 891678.3335917274, 904892.7015668082, 917917.8493953231, 931058.9285007117, 944181.3148021748, 957252.1918697972, 970350.5102628149, 983418.1033478656, 996486.5911843245, 1009647.8328973644, 1022714.9637290816, 1035876.9834132682, 1048961.9126340186, 1062048.148617415, 1075225.2868715546, 1088342.623164343, 1101518.4362547658, 1114651.2058417876, 1127770.5197825015, 1140860.441146296, 1153976.0055849766, 1167140.4523724713, 1180199.7046900666, 1193323.7772670663, 1206463.3642330144, 1219592.4524615346, 1232672.1092805057, 1245778.4868201169, 1258847.3703672534, 1271937.3767845298, 1284941.999995352, 1298041.735687099, 1311199.608131265], "ts-seg-naive": [13095.48858830829, 24933.918907294457, 35377.22062065843, 43314.37338225251, 49876.15075503814, 55611.517020591906, 60875.12584812463, 65884.04902230907, 70715.52974801976, 75324.23789050597, 79743.32638273344, 84083.68176044287, 88312.49190221544, 92340.54095211254, 96287.1995945402, 100052.90409943419, 103613.64026953222, 107166.16629680355, 110727.52943956855, 114113.72722884933, 117468.53354376213, 120616.58174846177, 123876.0939512828, 126929.94834648825, 129921.52089954041, 132888.58771673587, 135752.54220716105, 138611.30847417255, 141370.75414708958, 144120.84750999158, 146870.80573958115, 149506.16211750728, 152051.29965153337, 154643.584754565, 157184.85041604424, 159596.08721966975, 161942.9261312562, 164325.21964006667, 166785.446471509, 169108.3703412558, 171368.24457474746, 173569.24678172736, 175858.10382741527, 177985.35655992536, 180069.1627169923, 182130.49595143856, 184286.78108268612, 186387.346205479, 188465.06845741672, 190493.96319869923, 192432.6072987192, 194462.41193703475, 196485.0902777388, 198461.48517938858, 200265.3979945985, 202146.15446181563, 204091.6106612996, 205965.83983906012, 207732.84714798874, 209479.20853146884, 211258.02420798427, 213078.59629619558, 214889.05401651614, 216621.2659444082, 218370.33912970262, 219933.3281634336, 221521.53950665004, 223097.33359172754, 224759.70156680822, 226301.8493953231, 227998.92850071169, 229590.3148021748, 231227.1918697972, 232699.51026281493, 234253.10334786566, 235783.5911843245, 237252.83289736442, 238672.96372908156, 240280.98341326826, 241780.9126340185, 243171.14861741482, 244673.28687155436, 246142.62316434266, 247580.43625476546, 248951.20584178725, 250458.51978250116, 251890.44114629563, 253288.0055849764, 254689.45237247116, 256046.7046900664, 257474.77726706615, 258753.36423301417, 260124.4524615343, 261469.10928050542, 262863.4868201166, 264187.37036725314, 265469.3767845295, 266807.99999535165, 268192.7356870985, 269495.60813126457]}