{"random": [13164.984197725495, 26240.117876752473, 39292.21096259462, 52387.3369334716, 65461.72243443772, 78636.06279056471, 91797.3943637591, 104925.43227974382, 117986.87349683825, 131148.17978084506, 144410.80951715264, 157468.42651691486, 170560.21022298074, 183632.36722948827, 196746.73792473716, 209706.8898689943, 222797.87063178365, 235878.9905946375, 248992.76156081987, 262045.60532477312, 275210.0583057874, 288351.55255248636, 301497.48867149197, 314619.5922498752, 327768.62059145136, 340894.9252541526, 354077.33863011916, 367173.18376243353, 380285.95379288803, 393419.5880974536, 406514.58284727775, 419577.83775037504, 432643.9825015302, 445718.5265213911, 458908.99070346577, 472063.1669343043, 485195.74158114626, 498372.90024881565, 511478.9822973449, 524624.3294849856, 537645.9223977409, 550794.1808851104, 563937.6072058955, 577046.5806027598, 590107.8300447454, 603173.1712953404, 616185.2104020431, 629207.8033303088, 642292.8847588233, 655360.2885469336, 668373.0399669696, 681518.401754389, 694634.4758392324, 707768.4415638476, 720925.5780736122, 734018.7000975062, 747104.7773069008, 760274.168297782, 773370.4164707885, 786416.3158470596, 799506.9967749817, 812665.4350932853, 825735.9033007391, 838845.9566190661, 851955.3880580998, 865011.7605813104, 878093.1555457368, 891205.4172877, 904435.7238974854, 917493.4609357913, 930580.7402695527, 943714.6801973286, 956843.4300807003, 969925.753294829, 983016.6660899246, 996139.7864935859, 1009256.1126023179, 1022302.6808539259, 1035352.0419478413, 1048428.7773522143, 1061579.4717361194, 1074759.1700829326, 1087887.6868306007, 1101030.5679118824, 1114107.5510644678, 1127109.2917145933, 1140195.9024518086, 1153349.075538002, 1166391.8611738824, 1179585.3359925877, 1192746.5464100123, 1205825.674201605, 1218953.6485335766, 1232058.6014158768, 1245141.4515994415, 1258210.7665162713, 1271238.0687594553, 1284462.2739604816, 1297607.22312289, 1310677.042913432], "etc-seg-explore": [138.9841977254946, 217.1178767524725, 476.2109625946214, 630.336933471599, 797.722434437721, 930.062790564718, 1085.3943637591092, 1201.4322797438272, 1295.8734968382523, 1507.179780845081, 1687.8095171526566, 1827.4265169148894, 1997.2102229807715, 2114.3672294883036, 2266.7379247371755, 2340.889868994318, 2512.8706317836622, 2635.9905946374965, 2762.761560819881, 2855.6053247731343, 3021.058305787423, 3156.5525524863715, 3365.4886714919794, 3424.592249875199, 3581.620591451365, 3708.9252541526403, 3867.338630119186, 4148.1837624335785, 4369.953792888093, 4467.588097453625, 4586.582847277774, 4680.837750375074, 4820.982501530261, 4889.526521391188, 5068.990703465843, 5292.166934304394, 5507.741581146387, 5623.900248815775, 5761.982297344988, 5916.329484985676, 6009.922397741051, 6125.180885110556, 6244.607205895631, 6458.58060275995, 6718.830044745466, 6922.17129534052, 7012.210402043178, 7202.803330308894, 7370.884758823411, 7557.288546933596, 7718.039966969722, 7761.401754389197, 7870.475839232593, 8073.441563847724, 8253.578073612292, 8492.700097506231, 8634.777306900898, 8713.168297782016, 8802.416470788618, 8949.315847059699, 9086.996774981855, 9100.435093285452, 9208.903300739335, 9311.95661906624, 9471.388058099983, 9622.76058131056, 9795.155545736989, 10007.417287700202, 10171.723897485652, 10302.460935791441, 10462.740269552898, 10575.680197328755, 10819.430080700495, 10866.753294829236, 11019.666089924849, 11110.786493586162, 11265.112602318233, 11377.680853926184, 11561.041947841575, 11697.777352214654, 11927.47173611974, 12064.170082932971, 12182.6868306012, 12423.567911882841, 12528.5510644681, 12633.291714593708, 12663.902451809061, 12860.07553800236, 12930.861173882791, 13160.335992588125, 13244.546410012677, 13437.67420160534, 13646.648533577158, 13770.601415877405, 13928.451599442018, 14172.76651627178, 14371.06875945578, 14551.273960481996, 14727.223122890451, 14901.042913432459], "etc-seg-exploit": [312.9841977254946, 660.1178767524725, 913.2109625946214, 1176.336933471599, 1557.722434437721, 1789.062790564718, 2126.394363759109, 2521.432279743827, 2910.8734968382523, 3311.179780845081, 3730.8095171526566, 4083.4265169148894, 4511.2102229807715, 4833.367229488304, 5205.7379247371755, 5641.889868994318, 5912.870631783662, 6142.9905946374965, 6519.761560819881, 6800.605324773134, 7076.058305787423, 7302.5525524863715, 7658.488671491979, 8034.592249875199, 8362.620591451365, 8744.92525415264, 9120.338630119186, 9418.183762433579, 9767.953792888093, 10047.588097453625, 10367.582847277774, 10682.837750375074, 11026.982501530261, 11330.526521391188, 11686.990703465843, 12098.166934304394, 12328.741581146387, 12676.900248815775, 13057.982297344988, 13368.329484985676, 13656.922397741051, 13879.180885110556, 14195.60720589563, 14508.58060275995, 14897.830044745466, 15139.17129534052, 15412.210402043178, 15739.803330308894, 16127.884758823411, 16562.288546933596, 16865.03996696972, 17231.401754389197, 17571.475839232593, 17793.441563847722, 18137.57807361229, 18428.70009750623, 18748.777306900898, 19061.168297782016, 19348.416470788616, 19567.315847059697, 19919.996774981853, 20289.43509328545, 20632.903300739334, 20931.956619066237, 21203.38805809998, 21516.760581310555, 21866.155545736983, 22259.4172877002, 22631.72389748565, 22960.460935791438, 23261.740269552894, 23573.68019732875, 23902.43008070049, 24213.753294829232, 24629.666089924845, 24937.786493586158, 25286.11260231823, 25615.68085392618, 25898.04194784157, 26317.777352214653, 26565.47173611974, 26924.17008293297, 27268.6868306012, 27630.56791188284, 27955.551064468098, 28261.291714593706, 28576.90245180906, 28820.07553800236, 29163.86117388279, 29603.335992588123, 29961.546410012677, 30366.67420160534, 30686.648533577158, 31088.601415877405, 31395.451599442018, 31669.766516271782, 31938.068759455782, 32303.273960481998, 32693.223122890453, 33010.04291343246], "epsilon-greedy-explore": [1512.9841977254946, 3001.1178767524725, 4535.210962594621, 6164.336933471599, 7680.722434437721, 9139.062790564718, 10723.39436375911, 12241.432279743827, 13693.873496838252, 15307.179780845081, 16787.80951715266, 18297.426516914893, 19836.210222980775, 21364.367229488307, 22832.73792473718, 24348.889868994323, 25880.87063178367, 27389.990594637504, 28821.76156081989, 30318.605324773143, 31741.058305787432, 33306.55255248638, 34937.488671491985, 36547.592249875204, 38113.62059145137, 39666.925254152644, 41170.33863011919, 42812.18376243359, 44270.9537928881, 45769.588097453634, 47238.58284727778, 48712.83775037508, 50241.98250153027, 51774.5265213912, 53257.99070346585, 54840.166934304405, 56313.7415811464, 57832.900248815786, 59347.982297345, 60852.32948498569, 62322.922397741066, 63776.180885110574, 65362.60720589565, 66846.58060275996, 68325.83004474548, 69912.17129534054, 71393.21040204319, 72903.8033303089, 74402.88475882342, 75759.2885469336, 77280.03996696972, 78638.4017543892, 80119.47583923259, 81630.44156384772, 83217.5780736123, 84756.70009750624, 86146.77730690091, 87501.16829778203, 88969.41647078864, 90415.31584705971, 91896.99677498188, 93283.43509328547, 94751.90330073936, 96243.95661906626, 97563.3880581, 99105.76058131058, 100638.15554573701, 102278.41728770023, 103774.72389748567, 105233.46093579146, 106694.74026955292, 108136.68019732877, 109711.4300807005, 111243.75329482925, 112755.66608992487, 114208.78649358617, 115638.11260231824, 117144.6808539262, 118622.04194784159, 120070.77735221466, 121648.47173611974, 123165.17008293298, 124644.6868306012, 126092.56791188284, 127657.5510644681, 129143.29171459371, 130570.90245180906, 132054.07553800236, 133474.8611738828, 134968.33599258814, 136437.5464100127, 137909.67420160538, 139427.6485335772, 140926.60141587743, 142366.45159944205, 143823.7665162718, 145378.0687594558, 146887.27396048204, 148227.2231228905, 149753.0429134325],