{"random": [13148.834348325247, 26187.144334691886, 39249.24725662428, 52312.382068909035, 65488.82114871138, 78602.44622135366, 91783.99236814358, 104787.67699336275, 117854.46645804348, 131023.28771145022, 144133.88175313195, 157217.117507893, 170362.90201567003, 183482.84372248195, 196584.5973068953, 209714.0052758349, 222862.96380638855, 235984.7917646698, 249029.38994309583, 262031.54740543026, 275115.7281521778, 288253.8724186172, 301404.602395246, 314478.0730621193, 327579.73281277367, 340653.71051879576, 353804.5574557939, 366896.77964854724, 380002.64559493324, 393139.57002772944, 406205.5879187553, 419317.0955514841, 432387.1278671187, 445433.68715077837, 458557.8499119709, 471687.0098174097, 484874.84691887215, 498037.17669418594, 511099.39214526897, 524209.3098615127, 537294.4324989619, 550421.8030366357, 563512.8292316373, 576562.1015291465, 589709.1782978636, 602793.3698638766, 615857.9176225937, 629032.7009264377, 642175.0126594249, 655171.6485720847, 668340.9849500534, 681406.6966812715, 694463.4597555267, 707455.0461587708, 720567.8499042066, 733666.6924743848, 746742.8341831805, 759889.433233071, 773018.6278396215, 786089.3181512879, 799212.94047435, 812262.0759875195, 825351.3630182316, 838409.2016269731, 851489.9830252563, 864635.4974330883, 877761.3516815375, 890795.4906962721, 903933.3447519124, 917004.0053368974, 930076.8442209214, 943143.3482280714, 956162.5438275203, 969259.5652875996, 982414.2200928036, 995518.427543634, 1008448.0525555615, 1021676.8774920611, 1034746.9930630195, 1047875.7091349192, 1060984.0388946554, 1074061.7581852798, 1087237.3893523638, 1100294.257853019, 1113536.5545835937, 1126704.6706757408, 1139840.3289338963, 1152952.017793817, 1166027.2933251727, 1179033.1550798847, 1192086.4317791767, 1205145.0335377527, 1218179.786929699, 1231294.3083267487, 1244332.7107623783, 1257478.0217157232, 1270548.2675858245, 1283569.4872713909, 1296666.9961762016, 1309668.9636392912], "etc-seg-explore": [222.83434832524654, 370.1443346918859, 481.24725662427954, 672.3820689090353, 902.8211487113804, 1142.4462213536553, 1360.992368143563, 1587.6769933627456, 1898.4664580434674, 2113.2877114502026, 2316.8817531319346, 2670.1175078930028, 2877.90201567001, 3098.843722481937, 3288.597306895297, 3375.005275834892, 3604.9638063885486, 3799.791764669795, 3940.3899430958445, 4167.547405430287, 4293.728152177857, 4455.872418617246, 4667.602395246044, 4816.073062119374, 4973.732812773755, 5148.710518795824, 5373.5574557939635, 5578.7796485473045, 5799.645594933341, 6044.570027729516, 6276.587918755393, 6542.095551484197, 6752.127867118821, 6926.687150778478, 7174.849911970985, 7356.009817409755, 7539.846918872243, 7741.17669418603, 7891.3921452690665, 8025.3098615128, 8174.432498961985, 8393.803036635793, 8557.829231637355, 8709.101529146646, 8883.178297863626, 9059.369863876676, 9176.917622593764, 9342.700926437863, 9492.01265942503, 9628.648572084798, 9811.984950053491, 10009.696681271658, 10228.459755526896, 10361.046158770987, 10483.849904206803, 10686.692474385072, 10896.834183180785, 11023.433233071282, 11048.62783962174, 11238.318151288031, 11445.940474350196, 11498.075987519598, 11761.36301823174, 12002.201626973214, 12185.983025256382, 12278.49743308836, 12431.35168153761, 12552.490696272234, 12693.344751912535, 12911.005336897624, 13106.844220921557, 13288.348228071507, 13468.543827520512, 13701.565287599788, 13874.220092803833, 13980.427543634258, 14075.05255556183, 14260.877492061445, 14363.993063019774, 14605.709134919518, 14850.03889465579, 14971.758185280132, 15068.389352364025, 15248.257853019317, 15435.554583593897, 15620.670675741054, 15901.328933896508, 16152.017793817244, 16155.293325172968, 16328.155079884962, 16506.43177917692, 16602.033537752843, 16771.78692969905, 16943.308326748862, 17155.710762378425, 17308.02171572328, 17473.26758582463, 17642.487271390964, 17803.996176201665, 17944.963639291338], "etc-seg-exploit": [307.83434832524654, 595.1443346918859, 990.2472566242795, 1416.3820689090353, 1730.8211487113804, 2158.4462213536553, 2597.992368143563, 2976.6769933627456, 3399.4664580434674, 3704.2877114502026, 4130.881753131935, 4417.117507893003, 4780.90201567001, 5140.843722481937, 5488.597306895297, 5847.005275834892, 6175.963806388549, 6439.791764669795, 6795.3899430958445, 7133.547405430287, 7507.728152177857, 7857.872418617246, 8180.602395246044, 8537.073062119374, 8947.732812773755, 9230.710518795824, 9479.557455793964, 9835.779648547305, 10338.645594933341, 10647.570027729516, 10901.587918755393, 11215.095551484197, 11634.127867118821, 11969.687150778478, 12300.849911970985, 12739.009817409755, 13134.846918872243, 13439.17669418603, 13784.392145269067, 14164.3098615128, 14515.432498961985, 14832.803036635793, 15134.829231637355, 15492.101529146646, 15793.178297863626, 16061.369863876676, 16344.917622593764, 16704.700926437865, 17008.012659425032, 17266.6485720848, 17608.98495005349, 17957.696681271656, 18233.459755526892, 18519.046158770983, 18913.8499042068, 19218.69247438507, 19613.83418318078, 19987.43323307128, 20294.62783962174, 20577.31815128803, 20888.940474350195, 21254.075987519594, 21545.363018231736, 21840.201626973212, 22207.98302525638, 22637.497433088356, 23034.351681537606, 23417.49069627223, 23724.344751912533, 24091.005336897622, 24532.844220921557, 24863.348228071507, 25133.543827520512, 25533.565287599788, 25867.220092803833, 26210.427543634258, 26587.05255556183, 26866.877492061445, 27247.993063019774, 27586.709134919518, 27928.03889465579, 28220.75818528013, 28589.38935236402, 28996.257853019313, 29352.554583593894, 29614.67067574105, 30018.328933896504, 30390.017793817242, 30798.293325172966, 31184.15507988496, 31578.43177917692, 31980.033537752843, 32389.78692969905, 32734.308326748862, 33090.710762378425, 33494.021715723284, 33832.26758582463, 34174.487271390964, 34444.99617620166, 34706.96363929134], "epsilon-greedy-explore": [1655.8343483252465, 3321.144334691886, 5035.2472566242795, 6737.382068909035, 8354.82114871138, 10055.446221353655, 11646.992368143563, 13210.676993362746, 14926.466458043467, 16591.287711450204, 18325.881753131936, 19952.117507893003, 21655.90201567001, 23263.843722481935, 24871.597306895295, 26613.00527583489, 28295.963806388547, 29834.791764669793, 31441.38994309584, 33044.54740543028, 34737.72815217785, 36374.87241861724, 38089.60239524604, 39709.073062119365, 41305.73281277374, 42840.71051879581, 44527.55745579395, 46220.779648547286, 47926.645594933325, 49516.570027729496, 51082.58791875537, 52611.09555148418, 54136.127867118805, 55854.68715077846, 57478.84991197097, 59139.00981740974, 60730.84691887222, 62413.17669418601, 64013.39214526905, 65511.30986151278, 67100.43249896196, 68667.80303663577, 70164.82923163733, 71630.10152914662, 73297.1782978636, 74877.36986387665, 76484.91762259374, 78017.70092643784, 79595.012659425, 81123.64857208477, 82663.98495005346, 84192.69668127163, 85687.45975552687, 87228.04615877096, 88740.84990420677, 90372.69247438504, 91892.83418318075, 93400.43323307125, 94959.62783962171, 96586.318151288, 98052.94047435017, 99668.07598751957, 101210.3630182317, 102738.20162697317, 104221.98302525634, 105801.49743308831, 107305.35168153756, 108856.49069627219, 110368.34475191249, 111956.00533689758, 113435.84422092151, 115025.34822807147, 116587.54382752048, 118158.56528759975, 119668.2200928038, 121180.42754363421, 122724.0525555618, 124272.87749206141, 125794.99306301973, 127422.70913491948, 129060.03889465575, 130546.7581852801, 132075.389352364, 133544.25785301928, 135103.55458359385, 136602.670675741, 138244.32893389647, 139723.0177938172, 141301.29332517294, 142728.15507988492, 144277.43177917687, 145808.03353775278, 147379.78692969898, 148965.30832674878, 150393.71076237835, 151820.0217157232, 153372.26758582456, 154849.4872713909, 156447.99617620162, 157906.9636392913],