{"random": [13120.297748008223, 26269.38153359657, 39352.80964283811, 52522.56500319948, 65737.2422855635, 78902.46334328136, 92007.43851570996, 105056.51758464916, 118156.7944781882, 131299.5118723466, 144489.15226066383, 157589.60205822, 170651.31411490153, 183673.3714245758, 196735.35815128553, 209841.0291566399, 222918.30063084644, 236065.18553049344, 249175.67251892103, 262319.115000814, 275426.6291258636, 288528.61949900526, 301700.1562759526, 314762.9133235702, 327793.883893187, 340953.9963957741, 354068.9349206482, 367160.47887267865, 380292.8800277056, 393421.43688976706, 406525.6855905193, 419691.71569721657, 432852.1314088406, 445962.0755671113, 459074.47359622945, 472146.86083791615, 485263.33240718924, 498384.3730637105, 511515.3962353182, 524595.9677605992, 537684.5343860665, 550747.4935780544, 563854.8836639496, 577077.1134151754, 590190.4934738689, 603387.9481448344, 616478.4212337559, 629566.8065804968, 642786.1253899005, 655872.897913971, 669020.9824514142, 682090.885250411, 695139.6306185777, 708233.9679232216, 721243.1243909526, 734283.9334814199, 747393.6665296718, 760524.1022459645, 773721.7620596121, 786768.3591875109, 799763.2326181753, 812884.9275865158, 825984.8839040492, 839049.7833612217, 852212.7205672844, 865336.9584013745, 878386.9996023518, 891513.7709557666, 904642.6288080129, 917747.1428889196, 930820.7871875603, 943859.5800920082, 956948.9862470863, 970005.7142474587, 983099.7686947428, 996106.2671103892, 1009148.430648557, 1022262.0353639247, 1035351.2612088053, 1048473.8269845963, 1061550.9860671742, 1074672.4495436423, 1087819.3239415241, 1100989.5397011815, 1114176.4614801256, 1127229.584388617, 1140318.7015751968, 1153442.6068005569, 1166551.0527909412, 1179635.5415284212, 1192592.5725688755, 1205773.0631908623, 1218879.3551482453, 1232032.5765104094, 1245151.6899835549, 1258223.6629942015, 1271311.451481535, 1284470.9084315246, 1297595.6315026924, 1310694.766682234], "etc-seg-explore": [13105.297748008223, 26317.38153359657, 38071.80964283811, 48975.56500319948, 59904.242285563494, 70429.46334328136, 81918.43851570996, 93892.51758464916, 106449.7944781882, 118969.5118723466, 131403.15226066383, 143888.60205822, 156514.31411490153, 169140.3714245758, 182067.35815128553, 194463.0291566399, 207263.30063084644, 220214.18553049344, 233349.67251892103, 246268.115000814, 259320.62912586358, 272573.6194990052, 285781.1562759525, 298554.91332357016, 311575.8838931869, 324708.99639577407, 337866.9349206481, 350940.4788726786, 363977.88002770557, 377235.436889767, 390615.6855905192, 404106.7156972165, 417368.13140884053, 430618.07556711126, 443810.4735962294, 457084.8608379161, 470362.3324071892, 483562.37306371046, 497004.39623531816, 510257.96776059916, 523575.53438606637, 536957.4935780542, 549994.8836639494, 563088.1134151752, 575968.4934738688, 589034.9481448343, 602022.4212337558, 615049.8065804967, 627994.1253899004, 641088.8979139709, 654108.9824514141, 667133.8852504109, 680141.6306185776, 693196.9679232215, 706228.1243909525, 719131.9334814198, 731524.6665296718, 743752.1022459645, 755816.7620596121, 767918.3591875109, 780114.2326181753, 792255.9275865158, 804325.8839040492, 816197.7833612217, 828016.7205672844, 839711.9584013745, 851345.9996023518, 862568.7709557666, 873432.6288080129, 884031.1428889196, 894169.7871875603, 904114.5800920082, 913786.9862470863, 922938.7142474587, 931984.7686947428, 940116.2671103892, 947805.430648557, 955445.0353639247, 962129.2612088053, 968275.8269845963, 973479.9860671742, 977882.4495436422, 981936.323941524, 985708.5397011813, 988691.4614801256, 990606.5843886171, 992336.7015751968, 993745.6068005569, 994695.0527909412, 995485.5415284213, 996038.5725688755, 996423.0631908623, 996869.3551482453, 997287.5765104095, 997669.6899835551, 998064.6629942016, 998227.4514815353, 998495.9084315249, 998752.6315026927, 998916.7666822342], "etc-seg-exploit": [13025.297748008223, 26161.38153359657, 37461.80964283811, 48200.56500319948, 59091.242285563494, 70555.46334328136, 82131.43851570996, 94171.51758464916, 106146.7944781882, 118333.5118723466, 130537.15226066383, 143244.60205822, 155536.31411490153, 168118.3714245758, 180682.35815128553, 192946.0291566399, 204924.30063084644, 216681.18553049344, 228677.67251892103, 240573.115000814, 252339.62912586358, 259285.6194990052, 263290.1562759525, 265422.91332357016, 266839.8838931869, 268015.99639577407, 268728.9349206481, 269558.4788726786, 270301.88002770557, 271002.436889767, 271538.6855905192, 272128.7156972165, 272723.13140884053, 273285.07556711126, 273863.4735962294, 274395.8608379161, 275018.3324071892, 275640.37306371046, 276158.39623531816, 276590.96776059916, 277035.53438606637, 277461.4935780542, 277928.88366394944, 278345.11341517523, 278759.4934738688, 279213.9481448343, 279709.4212337558, 280196.8065804968, 280681.1253899005, 281158.8979139709, 281647.9824514142, 282036.88525041105, 282526.63061857776, 283025.9679232217, 283429.1243909527, 283901.93348142004, 284188.66652967193, 284588.10224596463, 284984.76205961226, 285430.3591875111, 285775.23261817556, 286248.927586516, 286709.88390404946, 287195.783361222, 287659.72056728473, 288088.95840137487, 288505.99960235215, 288916.77095576696, 289377.6288080133, 289788.1428889199, 290189.78718756075, 290601.5800920086, 291088.9862470867, 291424.71424745914, 291715.7686947433, 292135.26711038966, 292510.4306485575, 292878.0353639252, 293212.2612088058, 293666.8269845969, 294010.9860671749, 294477.4495436429, 294873.3239415247, 295384.5397011821, 295741.46148012625, 296126.5843886177, 296525.70157519745, 296829.60680055746, 297267.0527909418, 297598.5415284219, 297998.5725688761, 298348.0631908629, 298684.355148246, 299002.57651041006, 299391.6899835557, 299815.6629942023, 300107.4514815359, 300459.90843152546, 300838.6315026933, 301261.7666822348], "epsilon-greedy-explore": [13110.297748008223, 24844.38153359657, 29819.80964283811, 34030.56500319948, 37970.242285563494, 41783.46334328136, 45397.43851570996, 48897.51758464916, 52354.7944781882, 55712.511872346615, 59013.15226066385, 62207.602058220036, 65336.31411490154, 68524.37142457582, 71485.35815128553, 74421.02915663991, 77245.30063084644, 80080.18553049346, 83000.67251892103, 85857.115000814, 88619.62912586358, 91196.6194990052, 93815.15627595251, 96450.91332357013, 99007.88389318691, 101611.99639577407, 104137.93492064813, 106500.4788726786, 108927.88002770557, 111312.43688976699, 113663.6855905192, 116059.71569721651, 118393.13140884052, 120684.07556711124, 122905.47359622938, 125182.86083791609, 127443.33240718915, 129629.37306371046, 131880.39623531819, 134100.9677605992, 136310.53438606643, 138437.49357805424, 140699.88366394947, 142878.11341517526, 144974.49347386885, 147136.9481448343, 149181.4212337558, 151187.80658049675, 153307.1253899005, 155293.89791397093, 157297.9824514142, 159316.88525041103, 161340.63061857774, 163227.9679232217, 165171.1243909527, 167171.93348142, 169110.6665296719, 171126.1022459646, 173126.7620596122, 175093.359187511, 177102.23261817548, 179092.92758651596, 181021.8839040494, 183005.78336122193, 184800.72056728462, 186620.95840137475, 188532.99960235204, 190313.7709557668, 192093.62880801313, 193895.1428889198, 195821.78718756064, 197642.58009200846, 199539.98624708658, 201371.71424745896, 203178.7686947431, 205020.26711038948, 206840.4306485573, 208794.035363925, 210592.26120880558, 212423.82698459667, 214159.98606717464, 215968.4495436427, 217653.32394152452, 219475.53970118187, 221264.46148012605, 223112.58438861754, 224899.70157519728, 226677.60680055732, 228429.0527909416, 230121.54152842172, 231845.5725688759, 233626.0631908627, 235400.35514824578, 237103.57651040988, 238930.6899835555, 240677.66299420205, 242351.45148153568, 244006.90843152523, 245828.63150269302, 247435.76668223456],