{"random": [13132.212628687186, 26143.25189120228, 39222.12530076043, 52366.705280444534, 65447.58757104444, 78516.59844337266, 91590.61089921207, 104740.59482263579, 117829.74743464155, 130919.15160255542, 144100.00137374812, 157180.36072303948, 170264.3111722176, 183368.85539718997, 196432.44018341033, 209512.7127759885, 222620.0867041284, 235754.89118662965, 248884.8451576494, 262086.696901284, 275115.5535319723, 288203.3169440964, 301350.7929077228, 314457.83735481196, 327642.4495014506, 340727.1376639873, 353885.0330539444, 366974.754638146, 380060.21871641226, 393192.4603786421, 406285.38490275654, 419379.5566457227, 432642.18510492035, 445857.0615771977, 459011.69240516244, 472059.39188307105, 485186.16985917726, 498289.3484295509, 511496.79238867376, 524606.9794167294, 537759.737137318, 550894.7041190079, 563993.6156875797, 577183.3469068187, 590289.3278412127, 603389.9284117991, 616533.2806898732, 629669.4545426711, 642780.0759723213, 655915.1494335169, 668953.8868002554, 682062.4198000679, 695212.9879524471, 708315.1151819335, 721378.3072818056, 734480.34632546, 747518.0018420684, 760529.0723130053, 773635.9372918694, 786709.1342570354, 799839.3984381958, 812936.534647311, 826012.8265359784, 839144.0452370564, 852274.6747331519, 865431.5420305568, 878572.2798816682, 891669.6480929274, 904770.2684371701, 917894.1522586298, 930891.1621463319, 944009.9961982328, 957074.1574158326, 970237.2080762235, 983280.7705321007, 996427.4548647723, 1009554.4316478864, 1022705.5393528184, 1035772.2152902064, 1048862.7341935, 1062067.3143524595, 1075193.6477055505, 1088334.4042132918, 1101465.1258590396, 1114579.7203899925, 1127567.6340338793, 1140695.0305820259, 1153825.1474921103, 1166935.3453949667, 1179963.9457965877, 1193047.3476368717, 1206171.4812690422, 1219185.5597650579, 1232269.3462558608, 1245492.825448383, 1258474.3517475848, 1271496.9612792423, 1284552.385110478, 1297639.3256767367, 1310758.2037786797], "etc-seg-explore": [54.212628687186225, 214.25189120227878, 388.12530076043186, 581.7052804445339, 648.5875710444379, 837.5984433726571, 999.6108992120735, 1150.5948226357923, 1298.7474346415584, 1458.151602555421, 1588.0013737481331, 1748.3607230394864, 1923.3111722176127, 2158.855397189989, 2289.440183410352, 2459.712775988508, 2664.0867041284037, 2770.891186629662, 2837.84515764941, 3003.6969012840145, 3107.553531972304, 3353.3169440964175, 3547.792907722849, 3697.8373548119853, 3778.449501450621, 3928.1376639873433, 3976.0330539444567, 4093.7546381460616, 4184.218716412301, 4494.460378642096, 4703.384902756568, 4780.556645722741, 4948.185104920405, 5159.061577197715, 5307.69240516247, 5489.391883071059, 5592.169859177282, 5742.348429550888, 5775.792388673766, 5937.979416729393, 6086.737137317987, 6393.70411900792, 6583.615687579722, 6761.346906818668, 6906.327841212691, 7149.928411799045, 7417.2806898731, 7617.4545426710865, 7765.075972321298, 7989.149433516917, 8148.886800255468, 8264.419800068006, 8356.987952447278, 8417.115181933636, 8497.307281805675, 8640.346325460176, 8765.001842068506, 8971.07231300546, 9149.93729186955, 9273.134257035521, 9422.398438195863, 9529.534647311046, 9671.82653597843, 9893.045237056489, 10156.6747331519, 10317.542030556813, 10616.279881668197, 10793.648092927395, 10865.268437170032, 11082.152258629749, 11182.162146331806, 11362.99619823272, 11602.157415832613, 11798.208076223471, 11931.770532100638, 12104.454864772217, 12308.431647886388, 12567.539352818412, 12721.21529020638, 12843.734193499979, 13068.314352459625, 13184.647705550615, 13461.404213291977, 13694.125859039757, 13840.7203899926, 13947.634033879287, 14038.030582025913, 14197.14749211021, 14335.345394966595, 14455.945796587652, 14496.34763687168, 14601.481269042119, 14745.559765057662, 14894.346255860552, 15071.825448382797, 15276.351747584387, 15464.961279241996, 15683.385110477702, 15864.325676736436, 16033.203778679492], "etc-seg-exploit": [287.2126286871862, 638.2518912022788, 985.1253007604319, 1329.7052804445339, 1655.587571044438, 1932.5984433726571, 2278.6108992120735, 2626.5948226357923, 2928.7474346415584, 3251.151602555421, 3537.001373748133, 3957.3607230394864, 4317.311172217613, 4720.855397189989, 5021.440183410352, 5289.712775988508, 5742.086704128404, 6091.891186629662, 6483.84515764941, 6841.6969012840145, 7099.553531972304, 7420.3169440964175, 7731.792907722849, 8101.837354811985, 8497.449501450621, 8764.137663987343, 9054.033053944457, 9353.754638146062, 9676.2187164123, 9983.460378642096, 10376.384902756568, 10751.556645722741, 11070.185104920405, 11477.061577197715, 11820.69240516247, 12199.391883071059, 12580.169859177282, 12969.348429550888, 13296.792388673766, 13583.979416729393, 13975.737137317987, 14241.70411900792, 14634.615687579722, 14941.346906818668, 15264.327841212691, 15617.928411799045, 15851.2806898731, 16164.454542671087, 16521.075972321298, 16861.14943351692, 17214.88680025547, 17572.419800068008, 17901.987952447278, 18265.115181933637, 18668.307281805675, 18983.346325460174, 19364.001842068505, 19826.072313005458, 20176.937291869548, 20576.13425703552, 20947.39843819586, 21249.534647311044, 21517.826535978427, 21774.04523705649, 22058.6747331519, 22365.54203055681, 22600.279881668197, 22919.648092927397, 23315.268437170034, 23601.15225862975, 23918.162146331808, 24164.996198232722, 24565.157415832615, 24857.208076223473, 25157.77053210064, 25550.45486477222, 25858.43164788639, 26211.539352818414, 26555.215290206383, 26872.73419349998, 27270.314352459623, 27552.64770555061, 27828.40421329197, 28174.125859039752, 28484.720389992595, 28776.63403387928, 29075.030582025905, 29377.147492110205, 29830.34539496659, 30097.945796587646, 30370.347636871673, 30671.48126904211, 31008.559765057653, 31328.346255860542, 31685.825448382788, 32103.351747584376, 32401.961279241987, 32809.38511047769, 33117.32567673642, 33546.203778679475], "epsilon-greedy-explore": [1583.2126286871862, 3083.251891202279, 4662.125300760432, 6093.705280444534, 7571.587571044438, 9038.598443372657, 10441.610899212073, 11943.594822635792, 13302.747434641558, 14714.151602555421, 16195.001373748133, 17621.360723039485, 19099.31117221761, 20578.85539718999, 22028.440183410352, 23420.712775988508, 24990.086704128404, 26532.891186629662, 27996.84515764941, 29356.696901284016, 30857.553531972306, 32310.31694409642, 33768.79290772285, 35289.837354811985, 36736.449501450625, 38230.13766398735, 39785.03305394446, 41196.75463814607, 42582.21871641231, 44050.46037864211, 45483.38490275658, 46914.556645722754, 48407.18510492042, 49807.06157719773, 51260.69240516249, 52672.391883071075, 54112.1698591773, 55673.34842955091, 57170.79238867379, 58583.97941672942, 60060.73713731801, 61554.70411900794, 63090.615687579746, 64660.34690681869, 66071.32784121271, 67501.92841179906, 69059.28068987312, 70553.45454267111, 72019.07597232133, 73435.14943351694, 74868.8868002555, 76267.41980006803, 77690.9879524473, 79153.11518193367, 80669.30728180571, 82093.34632546021, 83555.00184206854, 85010.07231300548, 86412.93729186957, 87833.13425703555, 89336.39843819589, 90780.53464731107, 92156.82653597846, 93734.04523705652, 95229.67473315193, 96728.54203055684, 98257.27988166822, 99605.64809292741, 101084.26843717005, 102472.15225862977, 103923.16214633183, 105387.99619823275, 106825.15741583264, 108322.2080762235, 109703.77053210067, 111217.45486477224, 112659.4316478864, 114071.53935281844, 115545.2152902064, 117038.7341935, 118531.31435245965, 119918.64770555064, 121396.404213292, 122855.12585903978, 124246.72038999262, 125755.63403387931, 127254.03058202594, 128676.14749211023, 130128.34539496661, 131607.94579658768, 133156.3476368717, 134608.48126904215, 136171.5597650577, 137628.34625586058, 139037.82544838282, 140408.3517475844, 141851.961279242, 143286.3851104777, 144767.32567673645, 146274.2037786795],