{"random": [13074.013366978801, 26196.712356098018, 39347.46529428324, 52537.407414610665, 65654.35886663313, 78773.231214723, 91997.48384667796, 105150.50964019666, 118206.49586245515, 131321.88654956696, 144415.82102339633, 157549.41288911473, 170577.17778289324, 183631.61937033487, 196755.68461239454, 209836.5662169591, 222876.34244806578, 235987.10849247023, 249159.426006378, 262360.0697535986, 275519.8224680439, 288607.17986570235, 301736.64155503013, 314759.270475946, 327886.9347202736, 341005.6475837667, 354043.1510884245, 367130.7416388236, 380195.0934183889, 393315.88688168285, 406520.0087516502, 419634.97257297894, 432838.5250256753, 445969.1961447087, 459021.2983677815, 472125.3225280203, 485145.79065200593, 498279.21092404524, 511398.3442487164, 524533.1614704102, 537668.2761696926, 550738.3947927363, 563876.3210804287, 576978.7119801516, 589982.3493706585, 603073.0732750638, 616203.1897416924, 629356.5468189853, 642416.7440001029, 655515.3728994853, 668542.9284780055, 681589.3614908308, 694741.7679015582, 707891.1378864232, 721045.166128935, 734249.1742854482, 747286.4376228028, 760391.5508535852, 773498.9660317524, 786677.1029257779, 799861.5422346399, 812890.6072194641, 826061.393888561, 839210.3910586751, 852347.3667714135, 865450.085889974, 878489.7697294678, 891517.3761948516, 904711.3866975072, 917848.7055150826, 930992.4488351834, 944025.3385991696, 957265.1512497157, 970364.0960855405, 983458.9813856855, 996637.5960223353, 1009721.0908074719, 1022928.2300309369, 1035992.1539299793, 1049161.4962715858, 1062225.5474224023, 1075277.9076866112, 1088376.2991675532, 1101492.145303877, 1114605.6656012603, 1127709.5319156935, 1140843.0633024606, 1154031.1375903802, 1167149.6924713645, 1180287.9655903643, 1193476.8656713804, 1206649.5019780607, 1219654.3437609177, 1232771.5018378121, 1245906.10243065, 1258906.1662297444, 1272049.2280939764, 1285227.9366292893, 1298284.040233817, 1311335.6840589736], "etc-seg-explore": [234.01336697880106, 385.71235609801624, 666.4652942832381, 891.4074146106632, 1153.3588666331361, 1297.231214723006, 1490.4838466779784, 1525.509640196682, 1601.4958624551691, 1648.8865495669706, 1727.8210233963546, 1939.4128891147539, 2034.177782893281, 2228.6193703349, 2418.684612394565, 2547.566216959107, 2782.3424480657977, 2915.108492470239, 3065.4260063780093, 3213.069753598629, 3386.822468043927, 3525.1798657023865, 3643.641555030157, 3865.270475946014, 4038.9347202736135, 4171.647583766724, 4399.1510884245145, 4527.741638823616, 4732.093418388949, 4858.886881682885, 4994.0087516502335, 5144.972572978928, 5238.52502567529, 5406.196144708685, 5591.29836778149, 5738.32252802027, 5839.790652005906, 6038.2109240452355, 6212.344248716396, 6372.161470410167, 6551.276169692659, 6716.394792736277, 6819.321080428637, 6998.711980151609, 7208.34937065858, 7402.073275063787, 7532.189741692457, 7696.546818985329, 7881.744000102903, 8028.372899485332, 8190.928478005453, 8252.361490830765, 8318.767901558133, 8448.137886423123, 8609.16612893488, 8800.174285448047, 8939.437622802678, 9104.550853585126, 9275.966031752347, 9469.102925777881, 9652.542234639865, 9866.607219464082, 9984.39388856105, 10297.391058675083, 10448.366771413472, 10550.085889974027, 10667.769729467844, 10725.376194851618, 10797.386697507274, 10982.705515082584, 11138.44883518339, 11225.338599169598, 11291.151249715707, 11453.096085540437, 11589.981385685507, 11737.596022335387, 12006.0908074719, 12161.230030936904, 12361.153929979364, 12425.496271585756, 12635.547422402162, 12725.907686610977, 12860.299167553114, 12962.145303877023, 13193.66560126026, 13384.531915693524, 13510.063302460616, 13718.13759038025, 13885.692471364713, 13942.965590364603, 14031.865671380636, 14219.501978060955, 14364.343760917962, 14603.501837812357, 14794.102430650193, 14988.16622974466, 15162.228093976704, 15282.936629289514, 15459.040233817192, 15590.684058973773], "etc-seg-exploit": [284.01336697880106, 490.71235609801624, 790.4652942832381, 1141.4074146106632, 1515.3588666331361, 1891.231214723006, 2213.4838466779784, 2451.509640196682, 2759.495862455169, 3097.8865495669706, 3297.8210233963546, 3572.412889114754, 3896.177782893281, 4197.6193703349, 4501.684612394565, 4817.566216959107, 5107.342448065798, 5501.108492470239, 5705.426006378009, 5984.069753598629, 6300.822468043927, 6715.179865702386, 7024.641555030157, 7270.270475946014, 7565.9347202736135, 7921.647583766724, 8172.1510884245145, 8498.741638823616, 8814.09341838895, 9201.886881682885, 9499.008751650234, 9799.972572978928, 10201.52502567529, 10488.196144708685, 10794.29836778149, 11086.32252802027, 11370.790652005906, 11639.210924045236, 11996.344248716396, 12305.161470410167, 12566.27616969266, 12855.394792736277, 13269.321080428637, 13596.71198015161, 13877.34937065858, 14156.073275063787, 14499.189741692457, 14819.546818985329, 15176.744000102903, 15458.372899485332, 15767.928478005453, 16044.361490830765, 16364.767901558133, 16662.137886423123, 17034.166128934878, 17392.174285448047, 17672.437622802678, 18019.550853585126, 18396.966031752345, 18698.10292577788, 19023.542234639863, 19353.60721946408, 19675.393888561048, 19997.39105867508, 20379.366771413468, 20686.085889974023, 21077.76972946784, 21338.376194851615, 21717.38669750727, 22080.70551508258, 22446.448835183386, 22830.338599169594, 23058.151249715702, 23396.096085540434, 23732.981385685503, 24026.596022335383, 24229.090807471897, 24485.230030936902, 24804.153929979362, 25053.496271585755, 25370.54742240216, 25718.907686610975, 26083.299167553112, 26395.14530387702, 26710.665601260254, 26979.53191569352, 27295.06330246061, 27704.137590380244, 27927.69247136471, 28256.965590364598, 28518.86567138063, 28841.50197806095, 29143.34376091796, 29432.501837812357, 29740.102430650193, 30027.16622974466, 30271.228093976704, 30583.936629289514, 30886.04023381719, 31172.684058973773], "epsilon-greedy-explore": [1465.013366978801, 2988.7123560980162, 4379.465294283238, 5724.407414610663, 7153.358866633136, 8592.231214723006, 9971.483846677978, 11369.509640196682, 12932.49586245517, 14329.88654956697, 15735.821023396355, 17251.412889114756, 18726.177782893283, 20149.6193703349, 21602.684612394565, 23105.56621695911, 24589.3424480658, 25995.10849247024, 27332.42600637801, 28747.06975359863, 30202.822468043927, 31663.179865702386, 33041.64155503016, 34522.27047594602, 35921.93472027362, 37403.647583766724, 38838.151088424514, 40282.741638823616, 41722.09341838895, 43319.88688168288, 44735.00875165023, 46237.97257297893, 47639.52502567529, 49119.19614470869, 50562.29836778149, 52068.322528020275, 53442.79065200591, 54811.21092404524, 56247.3442487164, 57666.16147041017, 59094.27616969266, 60458.394792736275, 61810.321080428635, 63219.71198015161, 64568.34937065858, 66136.07327506378, 67611.18974169245, 69005.54681898531, 70491.74400010289, 71844.37289948532, 73207.92847800543, 74647.36149083074, 76142.76790155811, 77700.1378864231, 79098.16612893486, 80525.17428544803, 81960.43762280265, 83377.5508535851, 84757.96603175232, 86263.10292577786, 87694.54223463984, 89236.60721946406, 90685.39388856103, 92099.39105867506, 93608.36677141345, 95061.085889974, 96583.76972946781, 97957.37619485159, 99344.38669750725, 100637.70551508255, 102093.44883518336, 103508.33859916957, 104991.15124971568, 106400.09608554041, 107872.98138568547, 109482.59602233535, 110908.09080747186, 112421.23003093686, 113746.15392997932, 115208.49627158571, 116713.54742240212, 118162.90768661094, 119583.29916755308, 121052.14530387698, 122503.66560126022, 123940.53191569349, 125433.06330246058, 126932.13759038021, 128391.69247136467, 129904.96559036456, 131305.8656713806, 132746.50197806093, 134145.34376091792, 135725.5018378123, 137083.10243065015, 138626.16622974462, 139998.22809397665, 141472.93662928947, 142892.04023381716, 144367.68405897374],