{"random": [13167.962869205156, 26269.58672012064, 39406.3086049265, 52567.39733000746, 65659.50457402758, 78786.28213892355, 91840.18715309889, 104899.84654432144, 118042.14883011353, 131011.44830264493, 144155.3716299448, 157327.34886635726, 170434.17545267488, 183490.84930971166, 196519.527015713, 209625.45874217604, 222690.35309667705, 235845.8332692288, 249054.09037349836, 262207.99575550325, 275332.5074696895, 288452.4909610991, 301526.7762247504, 314630.64395093475, 327701.65812655195, 340822.77269127313, 353876.1190001771, 366908.8431041829, 379973.55831746897, 393114.27161621326, 406251.6973699257, 419294.6294351368, 432443.7722920405, 445563.56543174334, 458696.3322655314, 471892.3790535525, 484993.7764951473, 498154.3362773674, 511212.31978967047, 524285.14083414007, 537506.3126305772, 550591.3732597799, 563703.7197649553, 576703.8263982433, 589767.9949030486, 602861.7504231659, 615981.378633172, 629000.2088925457, 642131.0475603117, 655228.3359739826, 668400.8486075148, 681481.1420753709, 694618.5850167488, 707721.0470240627, 720877.42885615, 733981.8831571284, 747065.237503499, 760201.3955677797, 773253.6802120825, 786375.3485560011, 799457.5266349963, 812580.0547969097, 825648.5569762044, 838749.4973569626, 851866.142032699, 864951.8459397694, 878018.818899133, 891118.4318725051, 904235.2544409339, 917349.003883819, 930457.3850053175, 943589.6477015663, 956690.3989495307, 969874.5748529977, 983001.7890926742, 996105.5092924924, 1009221.3244252034, 1022321.3341385578, 1035353.125168266, 1048488.9746516324, 1061508.5481781557, 1074591.870088543, 1087662.3365334698, 1100763.6805940156, 1113855.956712694, 1126993.5667334786, 1140103.5478118737, 1153173.2855889224, 1166234.3421091377, 1179356.22474495, 1192514.853839391, 1205555.7935442664, 1218640.0925819834, 1231674.583570921, 1244844.8545949007, 1257951.3651688595, 1271068.5412708423, 1284245.3031704468, 1297318.5427481057, 1310455.1719095353], "etc-seg-explore": [13205.962869205156, 26447.58672012064, 38219.3086049265, 48737.39733000746, 59658.504574027575, 70783.28213892353, 82622.18715309887, 94818.84654432142, 106772.14883011351, 119293.44830264492, 131664.3716299448, 143971.34886635726, 156976.17545267488, 169417.84930971166, 182268.527015713, 195035.45874217604, 207922.35309667705, 220667.8332692288, 233561.09037349836, 246476.99575550327, 259419.50746968947, 272572.4909610991, 285674.7762247504, 298747.64395093475, 311832.65812655195, 325008.77269127313, 337949.1190001771, 351164.8431041829, 364228.55831746897, 377459.27161621326, 390707.6973699257, 403797.6294351368, 416923.7722920405, 430200.56543174334, 443595.3322655314, 456875.3790535525, 469911.7764951473, 483227.3362773674, 496421.31978967047, 509654.14083414007, 523066.3126305772, 536373.3732597799, 549785.7197649553, 563148.8263982433, 576598.9949030486, 589924.7504231659, 603392.378633172, 616904.2088925457, 630375.0475603117, 643722.3359739826, 657232.8486075148, 670303.1420753709, 683358.5850167488, 696466.0470240627, 709302.42885615, 722186.8831571284, 735157.237503499, 747240.3955677797, 759486.6802120825, 771704.3485560011, 783872.5266349963, 796047.0547969097, 808050.5569762044, 820082.4973569626, 832010.142032699, 843476.8459397694, 854567.818899133, 865648.4318725051, 876078.2544409339, 886321.003883819, 896046.3850053175, 905395.6477015663, 914471.3989495307, 923624.5748529977, 932538.7890926742, 940574.5092924924, 948516.3244252034, 955999.3341385578, 962634.125168266, 968830.9746516324, 973672.5481781558, 977944.8700885432, 982024.3365334701, 985496.6805940159, 988147.9567126943, 990443.5667334788, 992311.5478118741, 993806.2855889229, 995173.3421091383, 995954.2247449505, 996245.8538393915, 996487.793544267, 996739.092581984, 996893.5835709217, 997128.8545949014, 997368.3651688601, 997496.5412708428, 997779.3031704471, 998039.5427481062, 998294.1719095359], "etc-seg-exploit": [13132.962869205156, 26306.58672012064, 38055.3086049265, 48778.39733000746, 59074.504574027575, 69907.28213892353, 81287.18715309887, 92924.84654432142, 105167.14883011351, 117382.44830264492, 129706.37162994478, 142316.34886635724, 154932.17545267486, 167772.84930971163, 180559.52701571299, 193382.458742176, 206195.35309667702, 218766.83326922878, 230586.09037349833, 242398.99575550325, 253958.50746968944, 260844.49096109904, 264924.7762247503, 267107.6439509347, 268468.6581265519, 269314.7726912731, 270130.119000177, 270784.84310418286, 271436.5583174689, 272040.2716162132, 272782.6973699256, 273344.62943513674, 273809.77229204046, 274238.5654317433, 274743.33226553135, 275281.37905355246, 275811.77649514726, 276326.3362773673, 276760.3197896704, 277168.14083414, 277591.31263057713, 278000.3732597798, 278389.7197649553, 278765.82639824325, 279083.9949030486, 279517.7504231658, 279925.3786331719, 280306.2088925455, 280787.0475603115, 281135.3359739823, 281479.84860751446, 281916.14207537065, 282215.58501674846, 282617.0470240625, 283054.42885614984, 283458.8831571281, 283749.2375034988, 284133.39556777943, 284485.6802120822, 284850.3485560008, 285177.52663499606, 285474.05479690945, 285844.55697620416, 286145.4973569624, 286471.1420326987, 286780.84593976923, 287086.81889913284, 287493.431872505, 287924.2544409338, 288319.00388381886, 288644.3850053174, 289059.64770156617, 289365.3989495305, 289743.57485299755, 290076.789092674, 290359.50929249224, 290650.3244252032, 290933.33413855766, 291205.12516826595, 291602.97465163236, 292012.5481781558, 292318.87008854316, 292638.33653347, 293018.68059401587, 293282.9567126942, 293672.5667334788, 293977.5478118741, 294207.28558892285, 294539.3421091382, 294872.2247449505, 295199.85383939144, 295530.79354426695, 295888.092581984, 296208.5835709217, 296431.85459490144, 296693.3651688601, 297006.5412708429, 297383.3031704473, 297718.54274810635, 297903.17190953606], "epsilon-greedy-explore": [13138.962869205156, 24891.58672012064, 30112.3086049265, 34704.39733000746, 38843.504574027575, 42688.28213892353, 46441.18715309888, 50098.84654432142, 53616.14883011351, 56978.448302644916, 60250.371629944784, 63423.34886635724, 66520.17545267486, 69501.84930971163, 72527.52701571297, 75519.458742176, 78376.353096677, 81164.83326922878, 83886.09037349833, 86536.99575550325, 89321.50746968944, 91909.49096109906, 94528.77622475033, 97107.64395093471, 99634.65812655188, 102067.77269127304, 104509.11900017699, 107005.84310418284, 109508.55831746888, 111827.27161621314, 114226.69736992555, 116593.62943513665, 118973.77229204038, 121349.56543174319, 123635.33226553128, 125903.37905355237, 128297.77649514715, 130655.33627736717, 132884.3197896703, 135094.1408341399, 137236.312630577, 139373.3732597797, 141540.71976495517, 143639.82639824314, 145812.99490304847, 147903.75042316568, 150063.3786331718, 152173.2088925454, 154225.04756031145, 156236.33597398223, 158120.8486075144, 160114.14207537056, 162068.5850167484, 163964.04702406243, 165947.42885614978, 167880.8831571281, 169885.23750349876, 171737.39556777937, 173766.68021208217, 175724.34855600074, 177668.52663499597, 179741.05479690936, 181639.55697620404, 183541.49735696227, 185502.14203269858, 187364.84593976906, 189279.8188991327, 191099.43187250485, 192979.25444093364, 194892.0038838187, 196682.3850053172, 198592.64770156596, 200459.39894953032, 202255.57485299738, 204114.78909267383, 205834.5092924921, 207669.32442520309, 209510.33413855752, 211378.12516826577, 213090.97465163216, 214792.5481781556, 216720.87008854296, 218538.33653346985, 220281.68059401566, 222066.95671269402, 223928.56673347863, 225611.5478118739, 227359.28558892268, 229064.34210913803, 230734.2247449503, 232382.85383939126, 234183.79354426675, 235928.0925819838, 237634.58357092144, 239425.8545949012, 241190.3651688599, 242969.54127084266, 244666.30317044706, 246372.5427481061, 248093.1719095358],