{"random": [13076.686050980683, 26153.372101961366, 39230.058152942045, 52306.74420392273, 65383.43025490342, 78460.1163058841, 91536.80235686479, 104613.48840784548, 117690.17445882616, 130766.86050980685, 143843.54656078754, 156920.2326117682, 169996.91866274888, 183073.60471372955, 196150.29076471023, 209226.9768156909, 222303.66286667157, 235380.34891765224, 248457.0349686329, 261533.7210196136, 274610.40707059426, 287687.09312157496, 300763.77917255566, 313840.46522353636, 326917.15127451706, 339993.83732549776, 353070.52337647846, 366147.20942745917, 379223.89547843987, 392300.58152942057, 405377.26758040127, 418453.95363138197, 431530.6396823627, 444607.3257333434, 457684.0117843241, 470760.6978353048, 483837.3838862855, 496914.0699372662, 509990.7559882469, 523067.4420392276, 536144.1280902083, 549220.814141189, 562297.5001921697, 575374.1862431504, 588450.8722941311, 601527.5583451118, 614604.2443960925, 627680.9304470732, 640757.6164980539, 653834.3025490346, 666910.9886000153, 679987.674650996, 693064.3607019767, 706141.0467529574, 719217.7328039381, 732294.4188549188, 745371.1049058995, 758447.7909568802, 771524.4770078609, 784601.1630588416, 797677.8491098223, 810754.535160803, 823831.2212117837, 836907.9072627644, 849984.5933137451, 863061.2793647258, 876137.9654157065, 889214.6514666872, 902291.3375176679, 915368.0235686486, 928444.7096196293, 941521.39567061, 954598.0817215907, 967674.7677725714, 980751.4538235521, 993828.1398745328, 1006904.8259255135, 1019981.5119764942, 1033058.1980274749, 1046134.8840784556, 1059211.5701294362, 1072288.2561804168, 1085364.9422313974, 1098441.628282378, 1111518.3143333585, 1124595.0003843391, 1137671.6864353197, 1150748.3724863003, 1163825.058537281, 1176901.7445882615, 1189978.430639242, 1203055.1166902226, 1216131.8027412032, 1229208.4887921838, 1242285.1748431644, 1255361.860894145, 1268438.5469451256, 1281515.2329961061, 1294591.9190470867, 1307668.6050980673], "ts-seg-naive": [415.6860509806829, 909.3721019613658, 1406.0581529420488, 1918.7442039227317, 2366.4302549034146, 2956.1163058840975, 3478.8023568647804, 3906.4884078454634, 4484.174458826146, 5018.860509806829, 5490.546560787512, 5950.232611768195, 6416.918662748878, 6882.604713729561, 7285.290764710244, 7674.976815690927, 8102.66286667161, 8544.348917652293, 8910.034968632976, 9450.721019613658, 9954.407070594341, 10448.093121575024, 10908.779172555707, 11321.46522353639, 11727.151274517073, 12128.837325497756, 12551.523376478439, 12996.209427459122, 13476.895478439805, 14000.581529420488, 14413.26758040117, 14844.953631381853, 15298.639682362536, 15745.32573334322, 16354.011784323902, 16786.697835304585, 17267.383886285268, 17662.06993726595, 18064.755988246634, 18531.442039227317, 19002.128090208, 19485.814141188683, 19921.500192169366, 20379.18624315005, 20791.87229413073, 21283.558345111414, 21748.244396092097, 22167.93044707278, 22585.616498053463, 23068.302549034146, 23448.98860001483, 23812.674650995512, 24256.360701976195, 24623.046752956878, 25089.73280393756, 25502.418854918244, 25913.104905898927, 26306.79095687961, 26709.477007860292, 27180.163058840975, 27495.84910982166, 27939.53516080234, 28386.221211783024, 28704.907262763707, 29094.59331374439, 29462.279364725073, 29841.965415705756, 30285.65146668644, 30717.33751766712, 31133.023568647804, 31524.709619628487, 31926.39567060917, 32254.081721589853, 32624.767772570536, 33019.453823551215, 33356.1398745319, 33742.82592551259, 34127.511976493275, 34581.19802747396, 34904.88407845465, 35266.570129435335, 35700.25618041602, 36036.94223139671, 36395.628282377394, 36814.31433335808, 37262.00038433877, 37606.686435319454, 37976.37248630014, 38427.05853728083, 38820.744588261514, 39263.4306392422, 39698.11669022289, 39994.80274120357, 40358.48879218426, 40729.17484316495, 41115.86089414563, 41499.54694512632, 41833.232996107006, 42218.91904708769, 42678.60509806838]}