{"random": [13107.69911143648, 26246.806414264385, 39301.03134338083, 52394.956100684285, 65509.56929720503, 78713.57076096805, 91823.276602058, 104927.62060393604, 118062.50599857038, 131269.40060437872, 144417.0348770534, 157596.8982389472, 170706.08352634407, 183784.73294186525, 196901.67972924735, 210029.53836361313, 223168.93133303942, 236331.31658648682, 249355.82988959854, 262433.692806901, 275534.8431220196, 288693.351900443, 301730.33842710534, 314784.58406599035, 327911.6216514638, 341044.4566855689, 354152.7467951422, 367288.5855318539, 380368.2341646751, 393480.39869453374, 406729.385946165, 419894.30697614345, 432996.4485082317, 446100.2514241638, 459181.6460854413, 472275.2348729192, 485361.1801356314, 498482.4773730047, 511585.49091393535, 524733.1219924284, 537833.0270562153, 550913.6782309486, 563982.6202700951, 577130.8616158805, 590258.2235440122, 603309.6467701222, 616389.7620383956, 629448.4644954153, 642650.1069548917, 655743.1431278387, 668822.2417190261, 681969.9736610964, 695196.8098454413, 708317.4200966912, 721382.4525218416, 734461.3046907277, 747586.7257871833, 760666.0236068208, 773666.9056519193, 786766.1718302765, 799920.1182165651, 813078.4369517731, 826188.3711879044, 839310.1434818291, 852394.2827910904, 865433.8738978145, 878493.183121081, 891598.1840849974, 904695.8259771921, 917822.6737312165, 930866.7693482091, 944027.9368761497, 957172.2213413778, 970268.0919858405, 983407.8265462336, 996521.21285971, 1009673.1608485937, 1022813.7513803687, 1035820.1329897908, 1048915.9674512672, 1062111.1090856406, 1075174.1559125306, 1088218.5159713763, 1101392.427949359, 1114454.570237499, 1127593.1679562046, 1140704.2396294603, 1153700.3732978262, 1166784.0067301444, 1179866.3510486616, 1193091.1840676377, 1206201.0938254248, 1219224.573055478, 1232371.8430434293, 1245347.233058344, 1258479.8814610403, 1271557.9730412816, 1284731.9577108584, 1297839.0440225617, 1310901.7100983812], "etc-seg-explore": [146.69911143647914, 315.80641426438524, 573.0313433808369, 876.956100684285, 1055.569297205031, 1249.5707609680576, 1447.276602058002, 1612.6206039360404, 1689.505998570381, 1820.400604378734, 1993.0348770534183, 2157.8982389472185, 2359.083526344086, 2605.7329418652607, 2806.679729247364, 2969.538363613152, 3189.9313330394543, 3399.316586486839, 3604.829889598539, 3773.692806900979, 3951.84312201958, 4216.351900443016, 4460.338427105296, 4689.584065990288, 4889.621651463722, 5109.456685568852, 5268.746795142142, 5341.585531853867, 5458.234164675105, 5659.398694533711, 5754.3859461649645, 5855.306976143378, 5996.448508231662, 6249.251424163778, 6415.646085441262, 6566.234872919218, 6704.180135631414, 6868.4773730047145, 7001.490913935331, 7183.121992428385, 7381.02705621524, 7533.678230948577, 7702.620270095073, 7854.861615880545, 8054.223544012191, 8207.646770122286, 8421.762038395706, 8566.46449541545, 8715.106954891786, 9011.143127838799, 9129.241719026197, 9363.973661096488, 9596.809845441367, 9824.420096691376, 10129.452521841808, 10240.304690727931, 10395.725787183455, 10493.023606821018, 10749.905651919462, 10873.171830276586, 10990.118216565194, 11175.436951773232, 11357.371187904442, 11568.143481829142, 11776.282791090529, 11932.873897814585, 12154.183121081052, 12297.184084997432, 12519.825977192133, 12820.673731216408, 13047.769348209105, 13270.93687614972, 13468.221341377812, 13637.091985840441, 13889.826546233531, 14189.212859709916, 14345.160848593676, 14557.751380368663, 14764.132989790682, 14859.967451267006, 15018.109085640517, 15241.15591253051, 15393.515971376115, 15572.427949358833, 15670.570237498876, 15787.167956204536, 15978.239629460119, 16132.373297826014, 16332.006730144285, 16512.351048661592, 16678.18406763751, 16883.093825424672, 16930.57305547793, 17104.843043429282, 17244.233058344107, 17392.881461040455, 17630.973041281744, 17842.957710858536, 17958.04402256181, 18192.71009838132], "etc-seg-exploit": [327.69911143647914, 627.8064142643852, 913.0313433808369, 1307.956100684285, 1591.569297205031, 1964.5707609680576, 2142.276602058002, 2484.6206039360404, 2882.505998570381, 3208.400604378734, 3634.0348770534183, 3871.8982389472185, 4209.083526344086, 4635.732941865261, 5007.679729247364, 5372.538363613152, 5761.931333039454, 6108.316586486839, 6390.829889598539, 6702.692806900979, 6907.84312201958, 7215.351900443016, 7471.338427105296, 7776.584065990288, 8100.621651463722, 8300.456685568852, 8597.746795142142, 8864.585531853867, 9222.234164675105, 9522.398694533711, 9825.385946164964, 10213.306976143378, 10490.448508231662, 10909.251424163778, 11271.646085441262, 11597.234872919218, 11835.180135631414, 12120.477373004715, 12524.490913935331, 12876.121992428385, 13094.02705621524, 13392.678230948577, 13735.620270095073, 14052.861615880545, 14390.223544012191, 14647.646770122286, 14965.762038395706, 15264.46449541545, 15542.106954891786, 15787.143127838799, 16022.241719026197, 16330.973661096488, 16466.809845441367, 16822.420096691378, 17108.45252184181, 17447.304690727935, 17810.72578718346, 18031.02360682102, 18334.905651919464, 18597.171830276588, 18936.118216565195, 19301.436951773234, 19517.371187904442, 19838.143481829142, 20129.28279109053, 20457.873897814585, 20702.183121081052, 21056.184084997432, 21371.825977192133, 21719.673731216408, 21978.769348209105, 22205.93687614972, 22548.22134137781, 22873.09198584044, 23151.826546233533, 23426.212859709918, 23754.160848593678, 24109.751380368667, 24398.132989790683, 24716.96745126701, 25061.10908564052, 25398.155912530514, 25656.515971376117, 25966.427949358833, 26342.570237498876, 26620.167956204536, 26883.23962946012, 27156.373297826016, 27443.006730144287, 27809.351048661596, 28094.184067637514, 28412.093825424676, 28691.573055477937, 28853.84304342929, 29299.233058344114, 29601.881461040462, 29911.97304128175, 30261.957710858544, 30478.04402256182, 30691.71009838133], "epsilon-greedy-explore": [1767.6991114364791, 3608.8064142643852, 5343.031343380837, 7092.956100684285, 8820.569297205031, 10519.570760968058, 12203.276602058002, 13714.62060393604, 15406.505998570381, 16984.400604378734, 18763.03487705342, 20385.89823894722, 22127.083526344086, 23696.73294186526, 25352.679729247364, 27051.538363613152, 28625.931333039454, 30087.31658648684, 31781.82988959854, 33448.69280690098, 35167.84312201958, 36863.35190044301, 38605.33842710529, 40186.58406599028, 41841.62165146372, 43434.456685568846, 45017.746795142135, 46679.58553185386, 48136.2341646751, 49694.39869453371, 51306.38594616496, 52898.30697614337, 54506.44850823165, 56032.25142416377, 57574.64608544125, 59106.23487291921, 60623.1801356314, 62212.4773730047, 63907.49091393532, 65468.12199242837, 67020.02705621523, 68731.67823094857, 70393.62027009507, 72090.86161588054, 73654.22354401219, 75118.64677012229, 76679.76203839571, 78346.46449541545, 79949.10695489179, 81505.1431278388, 83052.2417190262, 84647.9736610965, 86259.80984544138, 87942.42009669139, 89547.45252184183, 91063.30469072795, 92577.72578718347, 94103.02360682104, 95555.90565191949, 97092.17183027661, 98671.11821656521, 100293.43695177326, 101924.37118790447, 103539.14348182917, 104979.28279109056, 106458.87389781461, 108004.18312108108, 109620.18408499745, 111230.82597719216, 112737.67373121643, 114293.76934820913, 115790.93687614975, 117375.22134137784, 118902.09198584047, 120447.82654623355, 121919.21285970994, 123478.16084859369, 125106.75138036867, 126701.1329897907, 128196.96745126702, 129922.10908564052, 131515.15591253052, 133051.51597137612, 134413.42794935885, 135910.5702374989, 137417.16795620456, 138930.23962946015, 140564.37329782604, 142099.00673014432, 143662.35104866163, 145269.18406763754, 146690.0938254247, 148264.57305547796, 149860.8430434293, 151376.23305834414, 152921.8814610405, 154491.97304128177, 156059.95771085855, 157517.04402256184, 159065.71009838136],