{"random": [4.161234020338094, 8.252664808427095, 12.441263532750863, 18.07331139832965, 21.75713121500489, 26.08060706805272, 30.29371847679638, 34.9662693079959, 39.435430829628906, 43.384883503328965, 47.60177442978214, 51.80965257348943, 56.716710638427536, 61.51694909887036, 65.08419596867842, 68.79510758863509, 73.27926034465038, 76.66938379275346, 80.55354494323133, 83.78705397256512, 89.12132675243409, 91.65314974621833, 94.85487511913719, 98.9372449355551, 101.90467662301673, 107.27519124085921, 113.13996277736138, 117.78249343344591, 121.50522705359396, 125.90643449584364, 129.01522394643928, 131.76024684054588, 134.7490784250112, 138.88234498219194, 143.25437135985865, 148.8361232694194, 153.33133090584565, 156.65267619506986, 161.43759864745454, 165.40748606683508, 168.59433935975972, 173.68363958402512, 178.2863188707568, 182.1135893325159, 185.57582882483723, 189.63298099546307, 194.34389261541975, 198.8691268638218, 199.93143056433846, 204.83287082330298, 208.85131475462097, 211.2154995869968, 215.32856821514048, 219.4042920377923, 222.38202698978228, 226.97932062550592, 229.95786755212708, 233.5317714795361, 236.53588084925596, 239.65952274787287, 243.13832054110966, 246.7580597200431, 250.87737759648843, 254.78437585946136, 258.1212427209087, 262.70289501811493, 264.743904258937, 268.7087322931181, 272.37658560318056, 276.00951123267424, 279.5121712117763, 282.35034879494873, 287.4800328304468, 291.8213869871884, 294.9142279810721, 299.150893097142, 303.593715965791, 306.64131395199524, 310.5105372331952, 314.3092369241171, 316.7837223286413, 320.98806879283524, 324.5340052570869, 329.3564223473538, 333.5956423581549, 337.5290120663804, 341.14608241465584, 342.8844959905444, 346.9747671542184, 350.62747548358243, 356.0633833410406, 360.21948057385555, 362.314717497693, 366.7756438736391, 369.16316113529945, 372.73978787037703, 377.35411736108307, 381.18355551175614, 385.99616201126724, 388.753287578312], "etc-seg-explore": [4.161234020338094, 7.252664808427095, 9.441263532750863, 15.07331139832965, 19.75713121500489, 24.08060706805272, 25.29371847679638, 29.9662693079959, 32.435430829628906, 37.384883503328965, 42.60177442978214, 46.80965257348943, 51.716710638427536, 56.51694909887036, 60.084195968678415, 64.79510758863509, 67.27926034465038, 71.66938379275346, 72.55354494323133, 76.78705397256512, 82.12132675243409, 84.65314974621833, 87.85487511913719, 89.9372449355551, 93.90467662301673, 98.27519124085921, 103.13996277736138, 107.78249343344591, 113.50522705359396, 113.90643449584364, 117.01522394643929, 120.76024684054589, 124.74907842501119, 127.88234498219192, 131.25437135985865, 134.8361232694194, 139.33133090584565, 143.65267619506986, 148.43759864745454, 153.40748606683508, 155.59433935975972, 159.68363958402512, 162.2863188707568, 166.1135893325159, 169.57582882483723, 173.63298099546307, 178.34389261541975, 183.8691268638218, 186.93143056433846, 190.83287082330298, 194.85131475462097, 199.2154995869968, 201.32856821514048, 206.4042920377923, 210.38202698978228, 214.97932062550592, 217.95786755212708, 222.5317714795361, 227.53588084925596, 232.65952274787287, 236.13832054110966, 239.7580597200431, 242.87737759648843, 247.78437585946136, 252.1212427209087, 254.7028950181149, 259.743904258937, 259.7087322931181, 264.37658560318056, 268.00951123267424, 270.5121712117763, 274.35034879494873, 277.4800328304468, 281.8213869871884, 284.9142279810721, 289.150893097142, 292.593715965791, 296.64131395199524, 300.5105372331952, 303.3092369241171, 306.7837223286413, 308.98806879283524, 312.5340052570869, 316.3564223473538, 320.5956423581549, 324.5290120663804, 328.14608241465584, 331.8844959905444, 335.9747671542184, 338.62747548358243, 342.0633833410406, 345.21948057385555, 347.314717497693, 350.7756438736391, 355.16316113529945, 358.73978787037703, 363.35411736108307, 368.18355551175614, 371.99616201126724, 375.753287578312], "etc-seg-exploit": [4.161234020338094, 8.252664808427095, 12.441263532750863, 15.07331139832965, 19.75713121500489, 24.08060706805272, 28.29371847679638, 32.9662693079959, 37.435430829628906, 41.384883503328965, 45.60177442978214, 49.80965257348943, 54.716710638427536, 57.51694909887036, 61.084195968678415, 65.79510758863509, 70.27926034465038, 73.66938379275346, 76.55354494323133, 80.78705397256512, 86.12132675243409, 90.65314974621833, 94.85487511913719, 97.9372449355551, 102.90467662301673, 108.27519124085921, 114.13996277736138, 117.78249343344591, 119.50522705359396, 123.90643449584364, 126.01522394643929, 129.76024684054588, 134.7490784250112, 138.88234498219194, 141.25437135985865, 146.8361232694194, 150.33133090584565, 154.65267619506986, 158.43759864745454, 162.40748606683508, 165.59433935975972, 169.68363958402512, 174.2863188707568, 179.1135893325159, 181.57582882483723, 187.63298099546307, 189.34389261541975, 193.8691268638218, 196.93143056433846, 199.83287082330298, 203.85131475462097, 206.2154995869968, 210.32856821514048, 214.4042920377923, 219.38202698978228, 222.97932062550592, 226.95786755212708, 231.5317714795361, 237.53588084925596, 242.65952274787287, 246.13832054110966, 250.7580597200431, 253.87737759648843, 256.78437585946136, 260.1212427209087, 264.70289501811493, 269.743904258937, 273.7087322931181, 278.37658560318056, 282.00951123267424, 284.5121712117763, 288.35034879494873, 292.4800328304468, 296.8213869871884, 299.9142279810721, 304.150893097142, 308.593715965791, 312.64131395199524, 316.5105372331952, 320.3092369241171, 323.7837223286413, 327.98806879283524, 332.5340052570869, 336.3564223473538, 338.5956423581549, 341.5290120663804, 346.14608241465584, 349.8844959905444, 350.9747671542184, 353.62747548358243, 359.0633833410406, 362.21948057385555, 366.314717497693, 371.7756438736391, 375.16316113529945, 378.73978787037703, 383.35411736108307, 385.18355551175614, 386.99616201126724, 390.753287578312], "epsilon-greedy-explore": [4.161234020338094, 8.252664808427095, 9.441263532750863, 14.07331139832965, 18.75713121500489, 21.08060706805272, 24.29371847679638, 25.9662693079959, 31.435430829628903, 34.384883503328965, 39.60177442978214, 42.80965257348943, 47.716710638427536, 51.51694909887036, 54.084195968678415, 56.79510758863509, 58.27926034465039, 60.66938379275348, 63.55354494323135, 64.78705397256515, 68.12132675243411, 70.65314974621836, 73.85487511913722, 77.93724493555513, 80.90467662301675, 84.27519124085924, 87.1399627773614, 90.78249343344594, 95.50522705359398, 99.90643449584367, 101.01522394643932, 102.76024684054592, 104.74907842501122, 105.88234498219195, 108.25437135985868, 111.83612326941943, 112.33133090584568, 114.6526761950699, 119.43759864745456, 121.4074860668351, 125.59433935975973, 128.68363958402512, 132.2863188707568, 137.1135893325159, 140.57582882483723, 144.63298099546307, 148.34389261541975, 151.8691268638218, 154.93143056433846, 157.83287082330298, 160.85131475462097, 165.2154995869968, 168.32856821514048, 172.4042920377923, 177.38202698978228, 179.97932062550592, 182.95786755212708, 185.5317714795361, 187.53588084925596, 190.65952274787287, 192.13832054110966, 194.7580597200431, 196.87737759648843, 198.78437585946136, 202.1212427209087, 204.7028950181149, 209.74390425893696, 210.70873229311806, 215.37658560318053, 219.0095112326742, 220.5121712117763, 223.3503487949487, 225.48003283044676, 226.82138698718836, 229.91422798107206, 233.150893097142, 235.59371596579095, 237.64131395199522, 240.51053723319512, 242.30923692411702, 245.78372232864123, 247.98806879283515, 250.5340052570868, 252.35642234735369, 253.59564235815478, 256.52901206638023, 261.14608241465567, 264.8844959905442, 266.9747671542182, 269.62747548358226, 272.06338334104043, 275.2194805738554, 278.3147174976928, 281.77564387363896, 286.1631611352993, 287.73978787037686, 292.3541173610829, 297.18355551175597, 301.9961620112671, 303.7532875783118],