{"random": [13114.967004702445, 26252.367429825103, 39395.51067542081, 52497.65867597011, 65600.37304306356, 78677.29891683976, 91810.31663994733, 104909.52254158462, 117965.14807240776, 131047.89991888395, 144113.33409563272, 157103.325260894, 170192.9299003837, 183325.8372036548, 196501.0222821312, 209621.1975348029, 222788.08289147384, 235955.49713071674, 249119.3208865112, 262281.0463311968, 275389.60394051595, 288538.0548505673, 301625.9672754044, 314681.0745711233, 327744.0847464272, 340903.44709178695, 354083.89709863585, 367221.9572078312, 380379.5595106698, 393527.24919927475, 406654.096978456, 419708.9786820365, 432843.5854357125, 445940.3663772173, 458964.00836637727, 472120.66098854854, 485191.76400657755, 498199.8290438731, 511315.261462886, 524412.226840529, 537569.61724561, 550657.7960079977, 563801.019073987, 576872.2356501336, 589916.01637396, 602988.6761623268, 616016.7780407587, 629058.3451257681, 642134.8834203784, 655291.9291821944, 668392.2671107529, 681580.1131481262, 694642.6443510872, 707781.4136695962, 720909.8677973575, 734083.6688519773, 747117.6050338774, 760260.650148283, 773308.8592935669, 786392.6604464422, 799426.6969419398, 812603.8754796822, 825691.8562807165, 838821.0579662309, 851946.8216658487, 865012.9541512798, 878068.6766198501, 891105.7611333207, 904204.0565720181, 917255.3347494961, 930222.2388363492, 943391.4145959641, 956575.9578456033, 969568.1270834596, 982618.1331658014, 995745.6468945551, 1008864.4104483181, 1022038.0158654657, 1035169.9346179636, 1048261.4578839546, 1061297.4092578446, 1074464.7083893295, 1087578.9228554755, 1100693.721874754, 1113768.964271143, 1126893.4873393758, 1140011.6234007508, 1153061.0796287323, 1166144.184597183, 1179181.4233506913, 1192269.5066630733, 1205313.2248024126, 1218458.4271508649, 1231614.7077168066, 1244660.5836612196, 1257746.1304274737, 1270704.5532560365, 1283835.423834598, 1296941.992589311, 1310037.6781611724], "etc-seg-explore": [12981.967004702445, 26087.367429825103, 37816.51067542081, 48738.65867597011, 59280.37304306356, 70663.29891683976, 82270.31663994733, 93877.52254158462, 106122.14807240776, 117868.89991888395, 130453.33409563272, 143194.325260894, 155706.9299003837, 168683.8372036548, 181490.0222821312, 193953.1975348029, 206955.08289147384, 219755.49713071674, 232870.3208865112, 246011.0463311968, 259115.60394051592, 272116.0548505673, 284958.9672754044, 297940.0745711233, 311098.0847464272, 324211.44709178695, 337361.89709863585, 350490.9572078312, 363527.5595106698, 376688.24919927475, 390036.096978456, 403395.9786820365, 416489.5854357125, 429882.3663772173, 443270.00836637727, 456725.66098854854, 470150.76400657755, 483238.8290438731, 496749.261462886, 510016.226840529, 523321.61724561, 536674.7960079977, 550005.019073987, 563437.2356501336, 576792.01637396, 590029.6761623268, 603427.7780407587, 616842.3451257681, 630157.8834203784, 643294.9291821944, 656254.2671107529, 669034.1131481262, 681659.6443510872, 694460.4136695962, 706715.8677973575, 719007.6688519773, 731221.6050338774, 743478.650148283, 755561.8592935669, 767521.6604464422, 779521.6969419398, 791396.8754796822, 803318.8562807165, 815122.0579662309, 826882.8216658487, 838414.9541512798, 850191.6766198501, 861719.7611333207, 873294.0565720181, 883896.3347494961, 894281.2388363492, 904542.4145959641, 914535.9578456033, 924256.1270834596, 933477.1331658014, 941778.6468945551, 948977.4104483181, 955241.0158654657, 961140.9346179636, 966722.4578839546, 971989.4092578446, 976597.7083893295, 980711.9228554755, 984325.7218747538, 987273.9642711431, 988940.4873393759, 990240.6234007509, 991459.0796287325, 992267.1845971834, 992684.4233506917, 992905.5066630736, 993108.2248024129, 993380.4271508652, 993621.7077168069, 993859.58366122, 994031.1304274742, 994190.553256037, 994475.4238345983, 994698.9925893113, 994973.6781611728], "etc-seg-exploit": [13049.967004702445, 26300.367429825103, 37803.51067542081, 48468.65867597011, 59091.37304306356, 69892.29891683976, 81295.31663994733, 92852.52254158462, 104853.14807240776, 117267.89991888395, 129763.33409563272, 142464.325260894, 154815.9299003837, 167479.8372036548, 180135.0222821312, 192299.1975348029, 204357.08289147384, 216714.49713071674, 228770.3208865112, 240666.0463311968, 251999.60394051592, 259688.05485056728, 264148.9672754043, 266570.07457112323, 267804.08474642714, 268653.4470917869, 269486.8970986358, 270137.95720783115, 270863.55951066973, 271546.2491992747, 272236.09697845596, 272782.97868203645, 273264.5854357124, 273816.36637721723, 274420.0083663772, 274949.6609885485, 275424.7640065775, 275992.82904387306, 276464.26146288594, 276993.22684052895, 277524.61724561, 278061.79600799765, 278550.019073987, 279061.2356501336, 279538.0163739599, 280023.67616232677, 280553.7780407586, 281043.34512576804, 281512.8834203783, 281896.92918219435, 282350.26711075276, 282797.1131481261, 283258.6443510871, 283707.41366959614, 284135.8677973574, 284583.6688519772, 285064.60503387725, 285523.6501482828, 285989.85929356667, 286376.66044644197, 286843.6969419396, 287231.87547968206, 287564.8562807163, 287948.0579662307, 288432.8216658485, 288830.95415127947, 289295.67661984987, 289700.7611333205, 290018.05657201784, 290551.33474949584, 290895.238836349, 291303.41459596396, 291720.9578456032, 292036.1270834595, 292500.13316580124, 292898.64689455496, 293204.410448318, 293536.0158654656, 293947.93461796344, 294314.4578839544, 294731.40925784427, 295146.7083893292, 295519.92285547516, 295872.7218747536, 296220.96427114285, 296548.4873393756, 296895.6234007507, 297276.0796287323, 297723.18459718314, 298152.42335069145, 298568.5066630734, 298953.2248024127, 299325.4271508649, 299659.7077168066, 300010.58366121975, 300398.1304274738, 300798.55325603666, 301310.423834598, 301623.9925893111, 301965.67816117255], "epsilon-greedy-explore": [13036.967004702445, 24633.367429825103, 29625.51067542081, 34075.65867597011, 38281.37304306356, 42262.298916839754, 46067.31663994731, 49682.522541584614, 53275.14807240774, 56682.899918883944, 60188.334095632716, 63501.32526089399, 66753.92990038368, 69973.8372036548, 73052.02228213118, 76054.19753480288, 79046.08289147381, 82039.4971307167, 84986.32088651118, 87695.04633119678, 90558.60394051591, 93330.05485056728, 95881.96727540431, 98548.07457112323, 101125.08474642715, 103557.4470917869, 106121.89709863579, 108600.95720783118, 111009.55951066974, 113342.2491992747, 115736.09697845596, 118149.97868203647, 120553.58543571243, 122859.36637721721, 125200.0083663772, 127520.66098854848, 129757.7640065775, 131994.8290438731, 134211.26146288594, 136399.22684052895, 138568.61724560996, 140713.79600799762, 142883.01907398697, 145117.23565013355, 147191.0163739599, 149283.6761623268, 151378.77804075865, 153557.34512576807, 155609.88342037838, 157679.9291821944, 159586.26711075281, 161598.11314812617, 163684.64435108716, 165645.41366959622, 167648.8677973575, 169723.66885197736, 171655.6050338774, 173554.65014828296, 175421.8592935668, 177275.66044644208, 179223.6969419397, 181063.87547968217, 182944.85628071643, 184762.05796623082, 186629.8216658486, 188425.95415127958, 190339.67661984998, 192264.7611333206, 194183.0565720179, 196047.3347494959, 197938.23883634905, 199765.414595964, 201618.9578456032, 203502.12708345955, 205381.1331658013, 207159.64689455502, 208954.41044831809, 210819.01586546568, 212698.93461796353, 214499.4578839545, 216142.4092578444, 217975.70838932935, 219751.92285547528, 221576.7218747537, 223386.96427114293, 225279.48733937572, 227091.62340075077, 228940.07962873235, 230771.18459718316, 232543.42335069148, 234303.50666307338, 236035.22480241267, 237687.42715086494, 239353.70771680665, 241128.58366121975, 242749.13042747384, 244480.55325603668, 246278.423834598, 247936.99258931112, 249620.67816117257],