{"random": [13119.586432989772, 26208.764138758692, 39247.298933308346, 52480.226449183385, 65581.45491676814, 78646.8144901679, 91714.08094717543, 104795.49185587895, 117842.94823322198, 130926.59189236292, 144015.05108215276, 157079.16916438664, 170090.53903652585, 183282.08408955688, 196437.63052669447, 209542.5273861774, 222613.5247470656, 235735.71858914057, 248762.21807841642, 261819.93839579285, 274942.40430601494, 288067.9637787064, 301155.0131459294, 314347.7769970079, 327505.67773234274, 340627.9817457427, 353652.7705098137, 366723.1289799426, 379856.05001354276, 392925.5392856931, 406068.3469784352, 419126.3825777984, 432166.49769068393, 445341.8418888531, 458445.51318310894, 471559.2465455473, 484722.36337331904, 497816.3825627849, 510965.59052986273, 524016.2272451485, 537165.7489074386, 550322.7890530785, 563424.3418552643, 576638.4767018852, 589710.2906495447, 602757.6376038534, 615791.0529895294, 628950.8450930973, 642114.2780678308, 655279.9419543073, 668338.9203286036, 681406.6541937814, 694469.4530804779, 707510.1592022645, 720694.6480247485, 733827.7588685217, 746936.3900262088, 760056.5220225418, 773096.2640408503, 786220.372504429, 799289.990334824, 812417.5069405292, 825580.6688947899, 838705.1803978834, 851746.0359563254, 864834.4676514388, 877934.5629853868, 890964.0242225352, 904024.1623296486, 917121.3847197401, 930197.2693221596, 943320.8479789502, 956415.4163991725, 969537.8732247523, 982656.1863033911, 995754.7444901931, 1008869.5233985863, 1022047.0604434139, 1035140.3491438035, 1048246.8990357218, 1061408.3489861037, 1074526.1609375747, 1087636.5397629633, 1100862.0744277127, 1114019.4910484122, 1127118.9101914812, 1140265.1654332415, 1153303.8387186795, 1166383.2044549582, 1179451.5879470687, 1192484.4368719775, 1205613.014922464, 1218752.0386073566, 1231911.908622873, 1244991.7115528646, 1258082.17022622, 1271109.3702997013, 1284222.5752649521, 1297302.6586263566, 1310354.0240452525], "etc-seg-explore": [13158.586432989772, 26241.764138758692, 38021.298933308346, 48912.226449183385, 59442.45491676814, 70461.8144901679, 82266.08094717543, 94349.49185587895, 106256.94823322198, 118619.59189236292, 131177.05108215276, 143721.16916438664, 156160.53903652585, 169176.08408955688, 182168.63052669447, 194896.5273861774, 207594.5247470656, 220509.71858914057, 233553.21807841642, 246417.93839579285, 259281.40430601494, 272303.9637787064, 285391.0131459294, 298584.7769970079, 311674.67773234274, 324996.9817457427, 338284.7705098137, 351539.1289799426, 364544.05001354276, 377862.5392856931, 390911.3469784352, 404254.3825777984, 417692.49769068393, 431028.8418888531, 444213.51318310894, 457631.2465455473, 470996.36337331904, 484145.3825627849, 497443.59052986273, 510764.2272451485, 524172.7489074386, 537557.7890530785, 550584.3418552643, 563980.4767018852, 577331.2906495447, 590752.6376038534, 603865.0529895294, 617014.8450930973, 630034.2780678308, 643051.9419543073, 656042.9203286036, 669020.6541937814, 681824.4530804779, 694635.1592022645, 707336.6480247485, 719849.7588685217, 732444.3900262088, 744972.5220225418, 757089.2640408503, 769345.372504429, 781451.990334824, 793693.5069405292, 805794.6688947899, 817923.1803978834, 830122.0359563254, 842177.4676514388, 854020.5629853868, 865584.0242225352, 877076.1623296486, 887946.3847197401, 898231.2693221596, 908057.8479789502, 917038.4163991725, 925641.8732247523, 933787.1863033911, 941373.7444901931, 948637.5233985863, 954658.0604434139, 960501.3491438035, 966132.8990357218, 971044.3489861038, 975582.1609375748, 979439.5397629633, 982771.0744277128, 985420.4910484123, 987685.9101914814, 989409.1654332416, 990764.8387186797, 992106.2044549584, 992955.587947069, 993412.4368719776, 993745.0149224643, 994071.0386073567, 994290.908622873, 994508.7115528646, 994782.1702262199, 995054.3702997012, 995305.5752649519, 995595.6586263563, 995865.0240452522], "etc-seg-exploit": [13069.586432989772, 26240.764138758692, 38184.298933308346, 48971.226449183385, 59392.45491676814, 70542.8144901679, 81484.08094717543, 93085.49185587895, 105381.94823322198, 118126.59189236292, 130590.05108215276, 142883.16916438664, 155673.53903652585, 168619.08408955688, 181343.63052669447, 194249.5273861774, 206690.5247470656, 218960.71858914057, 230896.21807841642, 242274.93839579285, 253520.40430601494, 260668.96377870635, 264911.0131459294, 267272.7769970079, 268675.67773234274, 269886.9817457427, 270562.7705098137, 271185.1289799426, 271766.05001354276, 272350.5392856931, 272875.3469784352, 273542.3825777984, 274063.49769068393, 274636.8418888531, 275157.51318310894, 275689.2465455473, 276169.36337331904, 276733.3825627849, 277150.59052986273, 277588.2272451485, 278043.7489074386, 278464.7890530785, 278903.34185526427, 279330.4767018852, 279743.2906495447, 280039.6376038533, 280485.0529895294, 280914.8450930972, 281311.2780678307, 281693.9419543071, 282010.9203286034, 282385.6541937813, 282722.45308047783, 283106.15920226445, 283422.6480247485, 283704.75886852155, 283972.39002620877, 284255.52202254185, 284463.2640408504, 284758.372504429, 285093.990334824, 285459.5069405292, 285786.6688947899, 286127.1803978834, 286420.03595632536, 286781.46765143884, 287094.5629853868, 287479.02422253514, 287909.1623296486, 288271.3847197402, 288600.2693221596, 289018.84797895025, 289337.41639917245, 289674.87322475214, 290027.18630339106, 290419.74449019297, 290786.5233985862, 291077.06044341385, 291394.34914380335, 291700.89903572167, 292104.34898610367, 292383.16093757463, 292661.53976296313, 292990.07442771265, 293296.4910484121, 293656.91019148123, 294129.16543324146, 294456.8387186795, 294787.20445495815, 295086.58794706874, 295281.4368719774, 295592.014922464, 295878.0386073565, 296216.90862287284, 296487.7115528645, 296775.1702262198, 296988.3702997011, 297260.57526495185, 297636.6586263563, 297900.0240452522], "epsilon-greedy-explore": [13146.586432989772, 25028.764138758692, 30129.298933308346, 34511.226449183385, 38561.45491676814, 42413.814490167904, 46100.08094717543, 49739.49185587896, 53273.948233221985, 56634.59189236293, 59981.05108215276, 63225.16916438662, 66330.53903652582, 69422.08408955687, 72383.63052669445, 75407.52738617737, 78372.52474706559, 81333.71858914055, 84317.21807841641, 87145.93839579285, 89765.40430601494, 92397.96377870635, 95124.01314592935, 97714.7769970079, 100328.67773234272, 102930.98174574271, 105357.77050981366, 107981.12897994259, 110602.05001354273, 113090.53928569306, 115591.34697843515, 117952.38257779836, 120236.49769068393, 122641.8418888531, 125051.51318310894, 127413.24654554733, 129717.36337331902, 131973.3825627849, 134284.59052986273, 136556.22724514853, 138831.74890743862, 141023.78905307854, 143139.3418552643, 145425.4767018853, 147630.2906495447, 149766.63760385333, 151937.0529895294, 154077.8450930972, 156174.27806783072, 158313.9419543071, 160385.92032860345, 162499.65419378135, 164651.45308047786, 166665.15920226445, 168777.6480247485, 170814.75886852157, 172831.39002620877, 174844.52202254185, 176871.2640408504, 178943.37250442902, 180974.990334824, 182969.50694052922, 184889.66889478988, 186842.1803978834, 188883.03595632533, 190786.46765143878, 192618.56298538676, 194469.02422253508, 196296.16232964853, 198199.3847197401, 200168.26932215953, 202114.8479789502, 204063.4163991724, 205971.87322475208, 207843.186303391, 209617.74449019294, 211470.52339858614, 213280.0604434138, 215045.34914380332, 216901.89903572164, 218717.3489861036, 220501.16093757458, 222318.53976296308, 224081.07442771256, 225899.49104841202, 227693.91019148115, 229523.1654332414, 231206.83871867944, 233076.20445495812, 234842.5879470687, 236569.43687197738, 238230.01492246395, 239898.03860735643, 241592.90862287278, 243426.71155286446, 245211.17022621975, 246873.37029970106, 248622.57526495177, 250346.6586263562, 252033.0240452521],