{"random": [13133.83697596386, 26274.997775588046, 39320.58650898992, 52463.40657421583, 65523.344924465724, 78569.51551257433, 91617.76371997168, 104721.27993550728, 117800.29968801704, 130901.91303869993, 143919.16631847987, 157081.9193686057, 170164.7777428702, 183267.06305638296, 196360.22489495677, 209429.1957078068, 222549.08834098914, 235659.7014233964, 248762.96072514015, 261908.22880354532, 274991.9905876625, 288107.0942731341, 301215.4521881823, 314304.29661554075, 327492.64962758333, 340538.27679459524, 353692.9725215813, 366808.30302740936, 379897.6161806492, 392910.7108688429, 406036.3188309694, 419224.78106349206, 432367.65840032074, 445525.2910229069, 458673.6500446953, 471753.2968308895, 484921.0354026098, 498007.4587798685, 511098.0978620829, 524337.905931174, 537481.1171524946, 550519.9592763952, 563591.6739393682, 576658.419708156, 589780.0418953764, 602925.3637865387, 616057.0893518672, 629078.0724072955, 642245.0845725838, 655364.2928487017, 668356.8270504625, 681414.9573632403, 694509.9154724835, 707587.0877982595, 720682.7440166114, 733848.401335735, 746907.1611508628, 760083.5801652864, 773089.5913728239, 786276.7152002128, 799339.7347572176, 812469.8427254093, 825495.4894043216, 838504.9807723407, 851576.4987817443, 864754.3558381809, 877932.4010802382, 891044.1514027274, 904145.6592635068, 917122.7760705284, 930319.2273314366, 943396.6974943571, 956518.553900655, 969619.160312398, 982742.3015171696, 995850.923325983, 1009035.7924218713, 1022151.8484993225, 1035338.8412635246, 1048497.0927815542, 1061549.8715116368, 1074519.8360687667, 1087521.264764335, 1100654.6043752544, 1113753.8245199404, 1126880.3036946466, 1140014.7966607641, 1153108.0924091914, 1166282.420779414, 1179379.287467011, 1192511.6461274342, 1205570.5142640553, 1218702.7071467636, 1231794.0044706909, 1244934.8922580641, 1258032.7793576918, 1271072.365258399, 1284111.395589368, 1297283.2811234915, 1310506.988196055], "etc-seg-explore": [9632.83697596386, 18246.997775588046, 26561.586508989923, 34101.40657421583, 41109.344924465724, 47352.51551257433, 53874.763719971685, 59798.27993550728, 65171.29968801704, 70279.91303869993, 74594.16631847987, 78401.9193686057, 81395.7777428702, 84146.06305638296, 86541.22489495676, 88577.19570780678, 89785.08834098912, 90835.70142339637, 91646.96072514013, 92257.2288035453, 92893.99058766248, 93238.09427313408, 93497.4521881823, 93732.29661554075, 93932.64962758336, 94075.27679459524, 94356.97252158125, 94543.30302740933, 94714.61618064919, 94950.71086884289, 95195.3188309694, 95422.78106349209, 95649.65840032077, 95852.29102290691, 96124.6500446953, 96412.2968308895, 96609.03540260982, 96856.45877986855, 97161.09786208294, 97431.90593117417, 97567.11715249474, 97823.9592763953, 98065.67393936835, 98396.41970815611, 98605.04189537646, 98792.36378653874, 98980.0893518672, 99150.07240729549, 99307.08457258384, 99459.29284870178, 99753.82705046255, 100042.95736324033, 100291.91547248348, 100517.08779825941, 100722.74401661137, 100926.40133573495, 101111.16115086281, 101326.58016528639, 101467.59137282385, 101717.71520021268, 101968.73475721743, 102217.84272540917, 102360.48940432155, 102473.98077234057, 102738.49878174414, 102834.35583818071, 103019.40108023805, 103224.15140272719, 103460.65926350663, 103564.7760705283, 103792.2273314365, 103897.69749435704, 104150.55390065488, 104333.16031239789, 104699.30151716944, 104844.92332598285, 104996.79242187121, 105157.84849932238, 105329.84126352442, 105505.09278155398, 105757.87151163643, 105990.83606876622, 106198.26476433457, 106409.60437525381, 106537.82451993976, 106854.30369464595, 106988.79666076353, 107159.09240919069, 107347.42077941331, 107666.2874670104, 107795.64612743352, 107931.51426405468, 108177.70714676287, 108361.00447069012, 108536.89225806332, 108690.77935769103, 108939.36525839822, 109150.39558936714, 109399.28112349074, 109490.98819605411], "etc-seg-exploit": [490.8369759638608, 875.9977755880445, 1281.5865089899216, 1642.406574215829, 2088.344924465722, 2470.5155125743295, 2686.7637199716773, 3108.2799355072693, 3518.299688017034, 3962.9130386999204, 4288.16631847986, 4771.9193686056915, 5029.777742870196, 5371.063056382958, 5763.2248949567565, 6195.1957078067735, 6497.088340989118, 6873.701423396367, 7216.960725140127, 7580.228803545297, 7934.990587662489, 8323.09427313408, 8723.452188182306, 9161.296615540758, 9571.649627583365, 9912.27679459524, 10426.97252158126, 10735.303027409338, 11175.616180649198, 11599.710868842896, 11911.318830969403, 12390.781063492099, 12748.65840032077, 13145.29102290691, 13559.650044695298, 13915.296830889502, 14260.035402609816, 14530.458779868542, 14900.097862082923, 15336.905931174153, 15698.117152494724, 16081.95927639528, 16543.67393936834, 16978.419708156092, 17314.04189537643, 17718.363786538714, 18039.089351867173, 18476.07240729547, 18848.08457258383, 19213.29284870176, 19486.827050462532, 19859.95736324032, 20260.915472483466, 20607.087798259403, 20998.744016611367, 21408.401335734947, 21811.161150862812, 22208.58016528639, 22659.59137282386, 23049.71520021269, 23427.73475721744, 23915.842725409173, 24336.489404321546, 24744.980772340565, 25007.498781744143, 25474.355838180705, 25909.40108023805, 26285.151402727184, 26665.65926350663, 27055.776070528293, 27436.227331436497, 27775.69749435703, 28165.553900654875, 28566.160312397886, 29029.301517169446, 29365.923325982854, 29755.79242187123, 30046.848499322394, 30335.841263524428, 30770.09278155398, 31067.871511636433, 31353.836068766213, 31690.26476433457, 32041.604375253817, 32426.824519939775, 32689.303694645954, 33034.796660763546, 33366.092409190715, 33800.42077941334, 34083.28746701043, 34520.64612743354, 34910.5142640547, 35207.70714676289, 35477.00447069015, 35825.89225806335, 36245.77935769107, 36543.365258398255, 36850.39558936717, 37223.281123490764, 37617.98819605414], "epsilon-greedy-explore": [1976.8369759638608, 3875.9977755880445, 5772.586508989922, 7540.406574215829, 9460.344924465722, 11211.51551257433, 13124.763719971677, 14988.27993550727, 16736.299688017032, 18576.913038699917, 20429.166318479856, 22141.91936860569, 23896.777742870196, 25718.063056382958, 27545.22489495676, 29415.195707806775, 31305.088340989118, 33085.70142339637, 34889.96072514013, 36699.2288035453, 38487.9905876625, 40215.09427313409, 41876.45218818232, 43637.29661554077, 45306.64962758338, 46984.27679459525, 48687.97252158127, 50472.30302740935, 52179.61618064921, 53851.71086884291, 55552.318830969416, 57305.78106349211, 59115.65840032078, 60793.291022906924, 62426.650044695314, 64154.29683088952, 65786.03540260984, 67449.45877986857, 69055.09786208294, 70755.90593117417, 72514.11715249474, 74127.9592763953, 75836.67393936835, 77502.41970815611, 79195.04189537646, 80881.36378653874, 82481.0893518672, 84222.07240729549, 85920.08457258384, 87469.29284870178, 89117.82705046255, 90709.95736324033, 92344.91547248348, 93945.08779825941, 95562.74401661137, 97180.40133573495, 98879.16115086281, 100567.58016528639, 102286.59137282385, 103943.71520021268, 105611.73475721743, 107325.84272540917, 108982.48940432155, 110687.98077234057, 112337.49878174414, 113920.35583818071, 115535.40108023805, 117147.15140272719, 118809.65926350663, 120446.7760705283, 122085.2273314365, 123729.69749435704, 125431.55390065488, 127100.16031239789, 128681.30151716944, 130302.92332598285, 131848.7924218712, 133355.84849932237, 134872.8412635244, 136467.09278155395, 138097.8715116364, 139567.83606876616, 141204.2647643345, 142651.60437525375, 144307.82451993972, 145944.3036946459, 147552.7966607635, 149058.09240919066, 150695.42077941328, 152309.28746701038, 153923.6461274335, 155526.51426405465, 157072.70714676284, 158593.0044706901, 160063.89225806328, 161539.779357691, 163212.36525839817, 164720.39558936708, 166291.28112349068, 167962.98819605407],