{"random": [13107.368476743548, 26292.284480864335, 39333.05705100403, 52394.86764798664, 65481.12223549897, 78526.52728113951, 91701.77035016875, 104742.30549186174, 117771.91512465996, 130899.05200827848, 144101.95874046982, 157266.9877033212, 170351.93853300877, 183451.8130547001, 196563.842608133, 209612.62274070104, 222725.70401784, 235813.93637016107, 248849.8259809731, 261952.16165758856, 275051.93266723666, 288144.71104320895, 301230.179870019, 314342.99156458705, 327550.04900318634, 340654.44022695336, 353832.50903279264, 366870.07334651664, 379951.7429727162, 393127.91287511116, 406241.1514199224, 419421.511670092, 432526.0063825641, 445669.49786785425, 458838.59615096095, 472016.08762685873, 485091.3834185393, 498212.14905166277, 511332.6009778735, 524354.9228059754, 537491.3533973495, 550546.1055985163, 563658.8093894848, 576664.6357319859, 589762.6442550857, 602885.2122084005, 616015.8221178731, 629089.4958031327, 642170.1785555207, 655256.7677549495, 668396.0561183804, 681459.3110937874, 694635.568467614, 707676.9455125429, 720754.8681659987, 733874.1435601691, 746954.0845781914, 760164.2291736216, 773347.8621173169, 786402.4271830611, 799482.4783474864, 812604.8294642771, 825727.2625883269, 838864.3229490236, 852008.7172381495, 865101.8855460184, 878261.6507498609, 891359.9590349784, 904468.0793843684, 917585.123352044, 930793.6686658507, 943811.237364184, 956925.4453836018, 970066.2525209467, 983161.9540570162, 996226.3843937041, 1009387.280147713, 1022464.2468468157, 1035505.82112815, 1048684.7398472715, 1061799.3576744506, 1074919.6269223234, 1088026.0858065325, 1101151.2617152862, 1114255.1710420884, 1127278.6634669353, 1140425.3714933798, 1153540.6012528331, 1166629.734629345, 1179694.0755247774, 1192743.7161066076, 1205921.2864843337, 1219077.9782380855, 1232190.4407626989, 1245305.1253837137, 1258400.7454827037, 1271515.7137945609, 1284608.4786258496, 1297564.9804493266, 1310688.0089502558], "etc-seg-explore": [13029.368476743548, 26239.284480864335, 37974.05705100403, 48703.86764798664, 58988.12223549897, 70595.52728113951, 82019.77035016875, 93487.30549186174, 105345.91512465996, 117727.05200827848, 130322.95874046981, 142954.9877033212, 155655.93853300877, 168476.8130547001, 181411.842608133, 194127.62274070104, 207225.70401784, 220283.93637016107, 232969.8259809731, 246130.16165758856, 259095.93266723666, 272066.71104320895, 285006.179870019, 297910.99156458705, 311240.04900318634, 324166.44022695336, 337378.50903279264, 350579.07334651664, 363809.7429727162, 377119.91287511116, 390487.1514199224, 403775.511670092, 416994.0063825641, 430225.49786785425, 443493.59615096095, 456868.08762685873, 470095.3834185393, 483397.14905166277, 496784.6009778735, 510176.9228059754, 523449.3533973495, 536612.1055985163, 550043.8093894848, 563249.6357319859, 576703.6442550857, 590089.2122084005, 603466.8221178731, 616633.4958031327, 629573.1785555207, 642710.7677549495, 655810.0561183804, 668945.3110937874, 681646.568467614, 694217.9455125429, 706448.8681659987, 718602.1435601691, 730805.0845781914, 742856.2291736216, 755141.8621173169, 767233.4271830611, 779283.4783474864, 791346.8294642771, 803140.2625883269, 814921.3229490236, 826662.7172381495, 838162.8855460184, 849415.6507498609, 860678.9590349784, 872077.0793843684, 883127.123352044, 893907.6686658507, 903796.237364184, 912840.4453836018, 921574.2525209467, 929889.9540570162, 937479.3843937041, 944847.280147713, 951772.2468468157, 958015.82112815, 963817.7398472714, 969094.3576744506, 973972.6269223235, 978065.0858065326, 981727.2617152864, 984395.1710420885, 986573.6634669355, 988154.37149338, 989209.6012528334, 990064.7346293451, 990610.0755247778, 991200.716106608, 991794.2864843342, 992172.978238086, 992486.4407626993, 992780.1253837141, 993046.745482704, 993266.7137945611, 993533.4786258498, 993831.9804493269, 994123.0089502563], "etc-seg-exploit": [13085.368476743548, 26279.284480864335, 38038.05705100403, 48889.86764798664, 59885.12223549897, 70979.52728113951, 82891.77035016875, 95033.30549186174, 106516.91512465996, 118783.05200827848, 131434.95874046982, 143979.9877033212, 156602.93853300877, 169170.8130547001, 181267.842608133, 193214.62274070104, 204756.70401784, 216629.93637016107, 228331.8259809731, 240067.16165758856, 252024.93266723666, 259623.71104320892, 263285.179870019, 265357.99156458705, 266366.04900318634, 267146.44022695336, 267959.50903279264, 268729.07334651664, 269333.7429727162, 269893.91287511116, 270524.1514199224, 271086.511670092, 271611.0063825641, 272180.49786785425, 272713.59615096095, 273239.08762685873, 273771.3834185393, 274114.14905166277, 274706.6009778735, 275145.9228059754, 275591.3533973495, 275994.10559851635, 276308.8093894849, 276769.63573198597, 277167.64425508585, 277579.21220840066, 278016.8221178733, 278463.49580313277, 278825.17855552083, 279258.76775494963, 279654.0561183805, 280079.31109378755, 280458.56846761407, 280835.9455125429, 281294.8681659988, 281733.1435601692, 282098.08457819145, 282452.2291736216, 282810.86211731686, 283288.42718306114, 283648.47834748635, 284058.82946427714, 284477.2625883269, 284921.3229490235, 285249.7172381494, 285661.88554601825, 285986.65074986086, 286406.9590349784, 286690.0793843683, 287026.123352044, 287461.6686658506, 287788.23736418394, 288179.4453836018, 288437.2525209467, 288794.9540570163, 289187.3843937042, 289583.280147713, 290016.24684681563, 290389.82112815, 290770.7398472714, 291166.3576744507, 291550.6269223235, 291963.0858065327, 292348.26171528647, 292689.17104208865, 293068.6634669356, 293550.37149338017, 293877.60125283356, 294227.73462934536, 294602.075524778, 295006.7161066082, 295331.2864843344, 295641.9782380862, 295956.4407626995, 296249.12538371433, 296587.74548270425, 296976.71379456134, 297365.4786258501, 297794.9804493272, 298161.00895025657], "epsilon-greedy-explore": [13039.368476743548, 25133.284480864335, 30501.057051004027, 34936.86764798664, 39240.12223549897, 43293.52728113951, 47086.77035016875, 50717.30549186174, 54227.915124659965, 57529.052008278486, 60716.958740469825, 63827.98770332121, 66774.93853300877, 69767.81305470009, 72771.84260813301, 75645.62274070103, 78473.70401783999, 81184.93637016107, 83898.82598097311, 86563.16165758856, 89090.93266723666, 91557.71104320892, 93996.17987001901, 96464.99156458704, 98948.04900318633, 101243.44022695333, 103581.5090327926, 105928.07334651658, 108216.74297271615, 110564.91287511105, 112852.15141992232, 115085.5116700919, 117317.00638256398, 119449.49786785414, 121763.59615096082, 123926.08762685861, 125979.3834185392, 128186.14905166267, 130308.60097787337, 132473.92280597528, 134530.35339734933, 136750.1055985162, 138861.80938948473, 140926.63573198585, 142913.64425508573, 144889.2122084005, 147014.82211787312, 149063.4958031326, 151102.1785555207, 153148.76775494945, 155078.05611838034, 157019.31109378737, 159024.56846761392, 161040.9455125428, 163129.86816599866, 165099.1435601691, 167046.08457819134, 168877.22917362154, 170866.86211731678, 172729.42718306105, 174635.47834748626, 176555.82946427705, 178474.2625883268, 180310.32294902345, 182167.71723814934, 183974.8855460182, 185831.6507498608, 187672.95903497832, 189447.07938436823, 191239.12335204385, 193032.66866585048, 194851.2373641838, 196607.44538360165, 198353.25252094655, 200076.95405701612, 201925.38439370404, 203793.2801477129, 205558.24684681554, 207368.82112814987, 209124.7398472713, 210913.35767445053, 212706.62692232334, 214497.08580653256, 216226.26171528632, 217906.1710420885, 219608.66346693548, 221316.37149338002, 222968.6012528334, 224759.73462934518, 226521.07552477779, 228194.71610660802, 229933.28648433418, 231601.97823808604, 233242.44076269938, 234937.12538371418, 236690.74548270414, 238342.71379456122, 239924.47862584997, 241611.98044932706, 243397.0089502564],