{"epsilon-greedy-explore": [6411.139055433716, 12682.617412319883, 16707.14959025187, 19260.372141591935, 21659.225752518454, 24066.508378786355, 26289.65248750635, 28524.795687180078, 30781.113987818397, 32939.092306316365, 35077.6881525842, 37211.783494637835, 39279.57763539078, 41345.6593670488, 43384.3550875813, 45291.70086210933, 47164.81803572849, 49079.337840033055, 50940.872462800355, 52794.08952986223, 54588.21762887674, 56449.7953740282, 58169.45733340322, 59963.11439606978, 61713.050625958276, 63398.109158279156, 65179.597492105575, 66871.49674387797, 68579.86682793491, 70188.43944993589, 71816.62574968836, 73341.14663251747, 74954.783568917, 76518.03271503044, 78025.33786535039, 79498.91666146205, 81002.2507044615, 82496.67133285431, 83949.27588345984, 85340.6297012283, 86834.69327476522, 88383.67897968102, 89797.99428476953, 91192.59372399618, 92564.0080246606, 93961.72098247948, 95342.3765970809, 96617.36759004585, 97924.78399413987, 99224.60745967901, 100487.2834806446, 101834.30237674725, 103145.27944924538, 104489.3042464921, 105734.29734339642, 107010.61214302678, 108266.633552426, 109535.6346400437, 110829.99371533055, 111996.06276262458, 113190.8462235366, 114422.46981494104, 115695.2267259318, 116848.29463636258, 118063.56396905909, 119255.2598674946, 120450.92913525544, 121584.8831783211, 122820.22992062099, 123996.49479763843, 125164.1257675666, 126333.78858529154, 127507.79511758825, 128629.10965597513, 129791.25829462375, 130898.19841107809, 132017.1715481917, 133167.37264382959, 134295.37853499927, 135412.64056881669, 136548.10497119816, 137641.94401996155, 138660.32022358009, 139719.95900731054, 140866.54500468692, 142007.84114278897, 143142.82961996656, 144220.1412771752, 145278.20387351944, 146387.17416643316, 147440.90494306615, 148531.53149052104, 149564.51647291027, 150689.06889839272, 151705.33540609546, 152731.95992530574, 153795.38415733638, 154841.8179344182, 155865.7279131674, 156963.99557644047], "epsilon-greedy-explore-no-cascade": [6351.139055433716, 12453.617412319883, 16077.149590251869, 18722.372141591935, 21100.225752518454, 23424.508378786355, 25746.65248750635, 27956.795687180078, 30083.113987818397, 32112.09230631636, 34133.6881525842, 36023.783494637835, 37943.57763539078, 39952.6593670488, 41791.3550875813, 43589.70086210933, 45335.81803572849, 47152.337840033055, 48932.872462800355, 50634.08952986223, 52358.21762887674, 53979.7953740282, 55609.45733340322, 57278.11439606978, 58944.050625958276, 60567.109158279156, 62165.597492105575, 63702.49674387797, 65326.86682793491, 66869.43944993589, 68352.62574968836, 69911.14663251747, 71289.783568917, 72727.03271503044, 74215.33786535039, 75570.91666146205, 76948.2507044615, 78358.67133285431, 79756.27588345984, 81137.6297012283, 82471.69327476522, 83805.67897968102, 85130.99428476953, 86463.59372399618, 87752.0080246606, 89129.72098247948, 90471.3765970809, 91774.36759004585, 93038.78399413987, 94279.60745967901, 95624.2834806446, 96941.30237674725, 98191.27944924538, 99483.3042464921, 100733.29734339642, 101969.61214302678, 103148.633552426, 104295.6346400437, 105462.99371533055, 106641.06276262458, 107788.8462235366, 108946.46981494104, 110205.2267259318, 111381.29463636258, 112531.56396905909, 113706.2598674946, 114837.92913525544, 115969.8831783211, 117152.22992062099, 118320.49479763843, 119467.1257675666, 120617.78858529154, 121752.79511758825, 122949.10965597513, 124061.25829462375, 125202.19841107809, 126365.17154819169, 127497.37264382959, 128686.37853499927, 129724.64056881669, 130858.10497119815, 131907.94401996152, 133021.32022358006, 134113.9590073105, 135189.5450046869, 136307.84114278894, 137376.82961996653, 138409.14127717516, 139522.2038735194, 140555.17416643313, 141605.90494306613, 142680.531490521, 143776.51647291024, 144819.0688983927, 145822.33540609543, 146851.9599253057, 147822.38415733635, 148859.81793441818, 149907.72791316736, 150931.99557644044], "ts-seg-pessimistic": [6465.139055433716, 12508.617412319883, 16881.14959025187, 20222.372141591935, 22939.225752518454, 25395.508378786355, 27600.65248750635, 29543.795687180078, 31341.113987818397, 33138.092306316365, 34875.6881525842, 36497.783494637835, 38073.57763539078, 39549.6593670488, 41014.3550875813, 42373.70086210933, 43716.81803572849, 45031.337840033055, 46297.872462800355, 47576.08952986223, 48902.21762887674, 50128.7953740282, 51282.45733340322, 52439.11439606978, 53630.050625958276, 54761.109158279156, 55819.597492105575, 56996.49674387797, 58069.86682793491, 59082.43944993588, 60086.62574968835, 61126.146632517455, 62074.78356891698, 63008.03271503041, 63935.33786535035, 64886.916661462004, 65800.25070446146, 66772.67133285427, 67737.27588345978, 68648.62970122824, 69603.69327476516, 70460.67897968096, 71307.99428476948, 72177.59372399612, 72992.00802466054, 73869.72098247943, 74743.37659708085, 75609.36759004579, 76393.78399413981, 77183.60745967895, 78012.28348064455, 78797.30237674719, 79662.27944924532, 80444.30424649204, 81281.29734339636, 82052.61214302672, 82781.63355242595, 83498.63464004365, 84266.99371533049, 84966.06276262453, 85705.84622353654, 86453.46981494098, 87141.22672593175, 87888.29463636252, 88598.56396905903, 89330.25986749455, 90003.92913525538, 90640.88317832105, 91290.22992062093, 91963.49479763837, 92622.12576756654, 93405.78858529148, 94063.79511758819, 94730.10965597507, 95359.2582946237, 95993.19841107803, 96585.17154819163, 97247.37264382953, 97918.37853499921, 98556.64056881663, 99252.10497119809, 99871.94401996148, 100509.32022358001, 101135.95900731045, 101755.54500468682, 102384.84114278886, 103022.82961996648, 103638.1412771751, 104244.20387351935, 104840.17416643308, 105433.90494306607, 106056.53149052094, 106650.51647291017, 107265.06889839262, 107806.33540609534, 108429.95992530562, 108987.38415733626, 109639.81793441811, 110231.72791316727, 110885.99557644036], "ts-seg-pessimistic-no-cascade": [6373.139055433716, 12243.617412319883, 16238.149590251869, 19396.372141591935, 22018.225752518454, 24489.508378786355, 26697.65248750635, 28823.795687180078, 30894.113987818397, 32753.09230631636, 34586.6881525842, 36262.783494637835, 37911.57763539078, 39519.6593670488, 41118.3550875813, 42614.70086210933, 44193.81803572849, 45715.337840033055, 47104.872462800355, 48514.08952986223, 49902.21762887674, 51245.7953740282, 52699.45733340322, 54001.11439606978, 55325.050625958276, 56624.109158279156, 57900.597492105575, 59209.49674387797, 60380.86682793491, 61603.43944993588, 62795.62574968835, 63987.146632517455, 65102.78356891698, 66206.03271503041, 67342.33786535036, 68528.91666146202, 69705.25070446148, 70805.67133285428, 71844.2758834598, 72993.62970122827, 74072.69327476519, 75128.67897968099, 76178.9942847695, 77212.59372399615, 78218.00802466056, 79290.72098247946, 80273.37659708087, 81288.36759004582, 82329.78399413984, 83297.60745967898, 84346.28348064458, 85391.30237674722, 86391.27944924535, 87359.30424649207, 88323.29734339639, 89257.61214302675, 90208.63355242598, 91191.63464004367, 92181.99371533052, 93138.06276262456, 94112.84622353657, 95126.46981494101, 96083.22672593177, 97040.29463636255, 97977.56396905906, 98834.25986749458, 99735.92913525541, 100656.88317832108, 101571.22992062096, 102449.4947976384, 103355.12576756657, 104248.7885852915, 105129.79511758822, 106031.1096559751, 106842.25829462372, 107707.19841107806, 108548.17154819166, 109448.37264382956, 110358.37853499924, 111250.64056881666, 112199.10497119812, 113079.9440199615, 113951.32022358004, 114765.95900731048, 115548.54500468685, 116409.8411427889, 117213.8296199665, 118041.14127717513, 118890.20387351938, 119742.1741664331, 120557.9049430661, 121378.53149052097, 122238.5164729102, 123046.06889839265, 123897.33540609537, 124697.95992530565, 125554.38415733629, 126384.81793441814, 127137.7279131673, 127976.99557644039]}