{"epsilon-greedy-explore": [6359.461460944336, 12425.268159555879, 16132.230419739777, 18787.395971899336, 21210.85295057334, 23613.2710266945, 25907.95951739238, 28153.95286900075, 30354.780399692976, 32552.002534030355, 34689.472574894324, 36774.66531946002, 38847.4632218435, 40893.6748846626, 42925.107435578706, 44855.39055334809, 46788.91194795481, 48693.330218775125, 50503.77933157199, 52309.85427800997, 54090.721765485294, 55806.02935294948, 57496.61083122047, 59113.06772262452, 60679.78461170045, 62252.935164618524, 63858.50629403795, 65475.375519090434, 66958.4816948756, 68478.66332426171, 69979.01211903553, 71511.27362220325, 73010.46037067304, 74506.40205650893, 75931.14032880022, 77397.18719255709, 78743.93328665926, 79999.83353352845, 81385.39582469863, 82740.61041347357, 84089.79320128521, 85430.26984837085, 86776.61467374998, 88094.55400540301, 89339.36646512985, 90619.62638342143, 91946.71019699238, 93201.70233529183, 94431.55092556108, 95594.77128479803, 96789.13346936062, 98018.46441701728, 99257.85013430688, 100534.36515669651, 101759.1364482878, 102982.78182693417, 104077.64600782881, 105209.9541000636, 106380.03870912456, 107583.05686582126, 108709.21993591599, 109886.13616205996, 111029.96137306141, 112171.20747971724, 113366.20828467912, 114497.4167279945, 115627.90182606588, 116748.89169312619, 117873.32310824897, 118917.30226184698, 120050.15260224736, 121093.25118077046, 122243.67142399347, 123420.24940016492, 124471.80744478146, 125519.66135543578, 126646.0808158048, 127698.41186844234, 128834.1386438909, 129896.3137813585, 130974.56797665043, 131968.6379368765, 133037.78498819342, 133984.49010723023, 135004.65854438557, 136071.61300389623, 137075.55438693846, 138014.92074950188, 139118.42830807102, 140124.18644661305, 141114.76510115457, 142149.50140774154, 143175.27183999668, 144192.95035067428, 145210.82678449794, 146248.6392444087, 147289.41484130453, 148300.91541451227, 149331.39267635357, 150308.5013876429], "epsilon-greedy-explore-no-cascade": [6312.461460944336, 12430.268159555879, 15971.230419739777, 18571.395971899336, 21072.85295057334, 23467.2710266945, 25728.95951739238, 27929.95286900075, 30200.780399692976, 32383.002534030355, 34524.472574894324, 36678.66531946002, 38650.4632218435, 40685.6748846626, 42600.107435578706, 44523.39055334809, 46362.91194795481, 48337.330218775125, 50220.77933157199, 52061.85427800997, 53884.721765485294, 55692.02935294948, 57486.61083122047, 59234.06772262452, 61019.78461170045, 62792.935164618524, 64487.50629403795, 66230.37551909043, 67902.4816948756, 69554.66332426171, 71123.01211903553, 72686.27362220325, 74244.46037067304, 75828.40205650893, 77441.14032880022, 78970.18719255709, 80505.93328665926, 81999.83353352845, 83502.39582469863, 84913.61041347357, 86356.79320128521, 87837.26984837085, 89126.61467374998, 90526.55400540301, 91934.36646512985, 93338.62638342143, 94705.71019699238, 96083.70233529183, 97372.55092556108, 98730.77128479803, 100104.13346936062, 101361.46441701728, 102621.85013430688, 103935.36515669651, 105218.1364482878, 106498.78182693417, 107781.64600782881, 109075.9541000636, 110399.03870912456, 111675.05686582126, 112947.21993591599, 114137.13616205996, 115382.96137306141, 116636.20747971724, 117759.20828467912, 118968.4167279945, 120132.90182606588, 121272.89169312619, 122431.32310824897, 123633.30226184698, 124788.15260224736, 126000.25118077046, 127157.67142399347, 128312.24940016492, 129410.80744478146, 130574.66135543578, 131663.0808158048, 132767.41186844234, 133829.1386438909, 134935.3137813585, 136024.56797665043, 137050.6379368765, 138183.78498819342, 139242.49010723023, 140360.65854438557, 141400.61300389623, 142483.55438693846, 143640.92074950188, 144708.42830807102, 145802.18644661305, 146855.76510115457, 147838.50140774154, 148865.27183999668, 149920.95035067428, 150929.82678449794, 151972.6392444087, 152999.41484130453, 154046.91541451227, 155103.39267635357, 156101.5013876429], "ts-seg-pessimistic": [6353.461460944336, 12341.268159555879, 16487.230419739775, 19477.395971899336, 22061.85295057334, 24344.2710266945, 26491.95951739238, 28480.95286900075, 30306.780399692976, 32119.002534030355, 33873.472574894324, 35553.66531946002, 37211.4632218435, 38795.6748846626, 40296.107435578706, 41774.39055334809, 43167.91194795481, 44562.330218775125, 45907.77933157199, 47257.85427800997, 48552.721765485294, 49830.02935294948, 51047.61083122047, 52274.06772262452, 53458.78461170045, 54632.935164618524, 55829.50629403795, 56980.375519090434, 58010.481694875605, 59037.66332426172, 60050.01211903553, 61084.273622203254, 62103.46037067304, 63118.40205650894, 64075.14032880022, 65093.18719255709, 66095.93328665926, 66966.83353352845, 67957.39582469863, 68892.61041347357, 69803.79320128521, 70669.26984837085, 71549.61467374998, 72392.55400540301, 73173.36646512985, 74000.62638342143, 74818.71019699238, 75678.70233529183, 76513.55092556108, 77273.77128479803, 78095.13346936062, 78842.46441701728, 79551.85013430688, 80310.36515669651, 81058.1364482878, 81811.78182693417, 82523.64600782881, 83258.9541000636, 83957.03870912456, 84713.05686582126, 85376.21993591599, 86010.13616205996, 86683.96137306141, 87349.20747971724, 88055.20828467912, 88781.4167279945, 89513.90182606588, 90217.89169312619, 90871.32310824897, 91568.30226184698, 92232.15260224736, 92926.25118077046, 93607.67142399347, 94229.24940016492, 94914.80744478146, 95559.66135543578, 96241.0808158048, 96817.41186844234, 97463.1386438909, 98085.3137813585, 98734.56797665043, 99390.63793687649, 100057.78498819341, 100667.4901072302, 101312.65854438553, 101945.61300389617, 102561.55438693838, 103159.9207495018, 103789.42830807096, 104449.18644661299, 105039.7651011545, 105593.50140774145, 106209.27183999658, 106857.95035067417, 107439.82678449785, 107964.63924440861, 108626.41484130445, 109231.9154145122, 109779.39267635351, 110378.50138764284], "ts-seg-pessimistic-no-cascade": [6375.461460944336, 12364.268159555879, 16765.230419739775, 20025.395971899336, 22675.85295057334, 24998.2710266945, 27045.95951739238, 29011.95286900075, 30820.780399692976, 32580.002534030355, 34302.472574894324, 36019.66531946002, 37685.4632218435, 39240.6748846626, 40777.107435578706, 42295.39055334809, 43812.91194795481, 45297.330218775125, 46715.77933157199, 48096.85427800997, 49459.721765485294, 50844.02935294948, 52218.61083122047, 53570.06772262452, 54887.78461170045, 56169.935164618524, 57464.50629403795, 58791.375519090434, 60043.481694875605, 61247.66332426172, 62462.01211903553, 63634.273622203254, 64834.46037067304, 65955.40205650893, 67090.14032880022, 68211.18719255709, 69406.93328665926, 70529.83353352845, 71711.39582469863, 72778.61041347357, 73924.79320128521, 74949.26984837085, 76054.61467374998, 77153.55400540301, 78243.36646512985, 79238.62638342143, 80277.71019699238, 81395.70233529183, 82432.55092556108, 83471.77128479803, 84481.13346936062, 85472.46441701728, 86443.85013430688, 87441.36515669651, 88480.1364482878, 89482.78182693417, 90520.64600782881, 91593.9541000636, 92588.03870912456, 93567.05686582126, 94454.21993591599, 95426.13616205996, 96409.96137306141, 97365.20747971724, 98260.20828467912, 99210.4167279945, 100209.90182606588, 101078.89169312619, 101960.32310824897, 102815.30226184698, 103760.15260224736, 104693.25118077046, 105671.67142399347, 106621.24940016492, 107529.80744478146, 108481.66135543578, 109396.0808158048, 110332.41186844234, 111210.1386438909, 112070.3137813585, 112991.56797665043, 113834.63793687649, 114664.78498819341, 115511.4901072302, 116306.65854438553, 117155.61300389617, 117955.55438693838, 118760.9207495018, 119560.42830807096, 120420.18644661299, 121286.7651011545, 122055.50140774145, 122862.27183999658, 123633.95035067417, 124458.82678449785, 125258.63924440861, 126085.41484130445, 126853.9154145122, 127710.39267635351, 128505.50138764284]}