{"epsilon-greedy-explore": [6348.445876739916, 12537.489214724428, 16455.429613122615, 19018.08473217846, 21402.192834486217, 23776.217601128723, 26078.965709910975, 28339.61361581421, 30505.954844145526, 32546.813138508292, 34659.74592282854, 36610.14252999841, 38603.345596767336, 40566.1857942075, 42487.99293685445, 44265.29986730334, 46023.33550896261, 47806.672775117, 49528.88699701954, 51158.78836074572, 52855.91446366047, 54551.37295210199, 56183.43213865381, 57836.070763664065, 59414.09947151869, 61056.978553835484, 62580.881524936456, 64112.85785053401, 65737.11769513863, 67265.71144595483, 68778.82023244018, 70309.13921763969, 71829.70281860081, 73329.42361452589, 74822.9636628575, 76311.96289011455, 77706.34336026925, 79105.76410179268, 80441.67882271802, 81725.09075959635, 83072.69018937748, 84438.77320537606, 85791.54984207792, 87155.99604141014, 88516.27496365418, 89808.54859219934, 91167.30684125754, 92489.03991562093, 93798.82998536226, 95072.98732869753, 96389.63644568683, 97703.25461943689, 99015.56782237905, 100307.01134613174, 101542.45655339409, 102859.04930273787, 104070.07321580371, 105351.86004242959, 106551.15142039381, 107843.20665815815, 109060.72010336007, 110237.06503877023, 111397.96197409878, 112646.73954553554, 113873.21625397181, 115126.09978890265, 116232.22471249012, 117468.63800777275, 118595.84113994248, 119700.20399319484, 120859.84470495, 121965.61881500056, 123067.6637415417, 124181.89611123067, 125325.91095582163, 126472.80021250652, 127641.33681394257, 128783.44069869943, 129834.74374019667, 130869.72074683468, 131934.39585518296, 133034.18026742226, 134064.9902525279, 135148.83294544785, 136222.0320361391, 137317.58791281134, 138350.4310641149, 139366.99522877918, 140460.47318262784, 141492.01000412714, 142574.486142839, 143611.21492689467, 144602.2820790473, 145627.06639842465, 146627.84537861848, 147681.58082738303, 148658.0416125613, 149693.7026355561, 150667.29766067598, 151769.86255567262], "epsilon-greedy-explore-no-cascade": [6397.445876739916, 12576.489214724428, 16207.429613122617, 18944.08473217846, 21439.192834486217, 23807.217601128723, 26134.965709910975, 28419.61361581421, 30736.954844145526, 32942.813138508296, 35029.74592282854, 37237.14252999841, 39377.345596767336, 41387.1857942075, 43353.99293685445, 45324.29986730334, 47176.33550896261, 48944.672775117, 50778.88699701954, 52562.78836074572, 54276.91446366047, 56047.37295210199, 57774.43213865381, 59398.070763664065, 61047.09947151869, 62540.978553835484, 64175.881524936456, 65776.85785053401, 67329.11769513863, 68898.71144595483, 70532.82023244018, 72019.13921763969, 73530.70281860081, 75087.42361452589, 76546.9636628575, 77971.96289011455, 79378.34336026925, 80784.76410179268, 82133.67882271802, 83528.09075959635, 84898.69018937748, 86255.77320537606, 87506.54984207792, 88854.99604141014, 90186.27496365418, 91581.54859219934, 92877.30684125754, 94145.03991562093, 95423.82998536226, 96747.98732869753, 98059.63644568683, 99346.25461943689, 100609.56782237905, 101866.01134613174, 103159.45655339409, 104380.04930273787, 105603.07321580371, 106802.86004242959, 107977.15142039381, 109218.20665815815, 110408.72010336007, 111673.06503877023, 112859.96197409878, 114105.73954553554, 115365.21625397181, 116587.09978890265, 117754.22471249012, 119019.63800777275, 120180.84113994248, 121404.20399319484, 122521.84470495, 123739.61881500056, 124863.6637415417, 125900.89611123067, 127027.91095582163, 128106.80021250652, 129229.33681394257, 130419.44069869943, 131556.74374019666, 132636.72074683468, 133775.39585518296, 134894.18026742226, 136061.9902525279, 137123.83294544785, 138104.0320361391, 139172.58791281134, 140246.4310641149, 141355.99522877918, 142411.47318262784, 143456.01000412714, 144518.486142839, 145576.21492689467, 146599.2820790473, 147677.06639842465, 148731.84537861848, 149849.58082738303, 150916.0416125613, 152008.7026355561, 153120.29766067598, 154166.86255567262], "ts-seg-pessimistic": [6427.445876739916, 12248.489214724428, 16386.429613122615, 19604.08473217846, 22337.192834486217, 24819.217601128723, 27164.965709910975, 29334.61361581421, 31384.954844145526, 33228.813138508296, 35045.74592282854, 36837.14252999841, 38491.345596767336, 40032.1857942075, 41507.99293685445, 42905.29986730334, 44241.33550896261, 45620.672775117, 47017.88699701954, 48358.78836074572, 49658.91446366047, 50974.37295210199, 52228.43213865381, 53429.070763664065, 54565.09947151869, 55656.978553835484, 56737.881524936456, 57828.85785053401, 58883.11769513863, 59996.71144595483, 61073.82023244018, 62064.1392176397, 63137.702818600825, 64128.423614525906, 65127.96366285751, 66089.96289011456, 67100.34336026927, 68063.76410179271, 69055.67882271805, 70054.09075959638, 70951.6901893775, 71840.77320537608, 72717.54984207795, 73634.99604141017, 74532.27496365421, 75354.54859219937, 76158.30684125757, 77034.03991562096, 77954.82998536229, 78807.98732869756, 79669.63644568686, 80544.25461943692, 81398.56782237907, 82147.01134613177, 82942.45655339412, 83714.0493027379, 84479.07321580374, 85299.86004242962, 86077.15142039384, 86810.20665815817, 87580.7201033601, 88370.06503877026, 89096.96197409881, 89855.73954553557, 90506.21625397184, 91189.09978890268, 91925.22471249015, 92660.63800777278, 93341.84113994251, 94094.20399319487, 94745.84470495002, 95427.61881500059, 96072.66374154174, 96719.8961112307, 97321.91095582166, 97998.80021250655, 98671.3368139426, 99336.44069869946, 100058.7437401967, 100746.7207468347, 101363.39585518297, 101948.18026742226, 102608.99025252789, 103301.83294544784, 103861.0320361391, 104407.58791281133, 105082.43106411489, 105717.99522877918, 106301.47318262783, 106891.01000412714, 107474.48614283901, 108034.21492689467, 108564.28207904729, 109123.06639842466, 109709.84537861848, 110255.58082738305, 110809.0416125613, 111433.7026355561, 111978.29766067595, 112468.86255567257], "ts-seg-pessimistic-no-cascade": [6377.445876739916, 12357.489214724428, 16791.429613122615, 20036.08473217846, 22843.192834486217, 25389.217601128723, 27736.965709910975, 29985.61361581421, 32103.954844145526, 34135.813138508296, 36102.74592282854, 37986.14252999841, 39856.345596767336, 41551.1857942075, 43171.99293685445, 44806.29986730334, 46361.33550896261, 47864.672775117, 49408.88699701954, 50938.78836074572, 52379.91446366047, 53823.37295210199, 55221.43213865381, 56535.070763664065, 57788.09947151869, 59012.978553835484, 60242.881524936456, 61464.85785053401, 62673.11769513863, 63884.71144595483, 65158.82023244018, 66366.13921763969, 67504.70281860081, 68703.42361452589, 69860.9636628575, 70964.96289011455, 72087.34336026925, 73246.76410179268, 74425.67882271802, 75464.09075959635, 76551.69018937748, 77582.77320537606, 78650.54984207792, 79671.99604141014, 80815.27496365418, 81853.54859219934, 82881.30684125754, 83928.03991562093, 84944.82998536226, 85880.98732869753, 86871.63644568683, 87930.25461943689, 88942.56782237905, 89951.01134613174, 90962.45655339409, 91923.04930273787, 92891.07321580371, 93852.86004242959, 94794.15142039381, 95804.20665815815, 96734.72010336007, 97709.06503877023, 98697.96197409878, 99703.73954553554, 100579.21625397181, 101542.09978890265, 102467.22471249012, 103468.63800777275, 104321.84113994248, 105230.20399319484, 106052.84470495, 106962.61881500056, 107793.6637415417, 108690.89611123067, 109550.91095582163, 110381.80021250652, 111237.33681394257, 112117.44069869943, 112993.74374019667, 113838.72074683468, 114702.39585518294, 115581.18026742223, 116407.99025252786, 117255.83294544781, 118096.03203613908, 118910.5879128113, 119662.43106411486, 120511.99522877915, 121319.4731826278, 122171.0100041271, 122908.48614283898, 123640.21492689464, 124471.28207904726, 125208.06639842463, 125984.84537861845, 126791.58082738302, 127561.04161256127, 128358.70263555607, 129138.29766067592, 129829.86255567255]}