{"epsilon-greedy-explore": [6329.404693043102, 12548.31813673407, 16484.372979584004, 19095.46013543931, 21486.09895138483, 23807.930133693557, 25958.01962514769, 28141.651546448105, 30260.455808119223, 32400.61306701498, 34289.68410762999, 36263.088622806536, 38125.23915411192, 39998.630262988234, 41875.05053842914, 43775.68074335242, 45593.52341609494, 47406.27755654579, 49191.61694820739, 50956.547975660855, 52669.997124439586, 54357.0792108607, 55996.68792864881, 57648.2114268809, 59314.54839889091, 60912.00460197979, 62555.8450749574, 64170.927849478234, 65727.3297342722, 67287.31595955447, 68794.16215714569, 70279.25901676033, 71794.7784672211, 73276.36847943332, 74771.19266910027, 76202.63693438531, 77625.5005384026, 79008.94227433931, 80394.31829872445, 81797.86802354395, 83210.05829600777, 84514.22629889706, 85906.52791972888, 87274.33899193846, 88612.88335389907, 89854.06539027033, 91178.44408545455, 92444.88778266154, 93677.00253056057, 94983.19528214396, 96163.17283509506, 97430.64548473577, 98640.51213764495, 99770.76739232261, 101073.05901881927, 102329.4239149936, 103471.3084545579, 104624.64701364952, 105759.87917903917, 106929.43932608422, 108013.9972656384, 109176.02967902333, 110404.06497975251, 111488.0375423138, 112635.15389551496, 113751.07848203224, 114920.33368190835, 116072.8625678418, 117149.70667693288, 118297.54987106436, 119343.89776489246, 120484.94753376638, 121560.44764362594, 122663.90862874973, 123741.66353292912, 124864.82210244559, 125973.72396135362, 126963.37931173567, 127901.50422180005, 128992.11734815211, 129988.26980505211, 131046.83882746099, 132054.97426011562, 133086.6215480529, 134117.80066137222, 135182.79045819034, 136180.29414992657, 137134.17186608972, 138125.14494344467, 139173.3975699486, 140145.559197126, 141093.50847045938, 142085.9529422399, 143075.7638236885, 144093.39072624632, 144988.1108464252, 145923.47862705323, 146794.32057393133, 147773.09355020637, 148740.3034667802], "epsilon-greedy-explore-no-cascade": [6348.404693043102, 12562.31813673407, 16458.372979584004, 19132.46013543931, 21643.09895138483, 24042.930133693557, 26300.01962514769, 28521.651546448105, 30722.455808119223, 32839.61306701498, 34888.68410762999, 36924.088622806536, 38909.23915411192, 40905.630262988234, 42889.05053842914, 44830.68074335242, 46688.52341609494, 48467.27755654579, 50265.61694820739, 51993.547975660855, 53750.997124439586, 55488.0792108607, 57200.68792864881, 58889.2114268809, 60551.54839889091, 62173.00460197979, 63746.8450749574, 65356.927849478234, 66940.3297342722, 68535.31595955447, 69967.16215714569, 71526.25901676033, 73028.7784672211, 74469.36847943332, 75986.19266910027, 77508.63693438531, 78989.5005384026, 80400.94227433931, 81777.31829872445, 83241.86802354395, 84613.05829600777, 85953.22629889706, 87279.52791972888, 88603.33899193846, 90000.88335389907, 91361.06539027033, 92620.44408545455, 93904.88778266154, 95164.00253056057, 96356.19528214396, 97642.17283509506, 98903.64548473577, 100151.51213764495, 101387.76739232261, 102637.05901881927, 103917.4239149936, 105073.3084545579, 106325.64701364952, 107534.87917903917, 108692.43932608422, 109900.9972656384, 111038.02967902333, 112239.06497975251, 113403.0375423138, 114606.15389551496, 115749.07848203224, 116926.33368190835, 118139.8625678418, 119322.70667693288, 120451.54987106436, 121647.89776489246, 122791.94753376638, 123961.44764362594, 125110.90862874973, 126304.66353292912, 127474.82210244559, 128536.72396135362, 129672.37931173567, 130763.50422180005, 131797.11734815213, 132906.26980505214, 134034.83882746103, 135188.97426011568, 136311.62154805296, 137449.80066137228, 138551.7904581904, 139679.29414992663, 140781.17186608977, 141869.14494344473, 142992.39756994866, 144018.55919712604, 145108.50847045943, 146143.95294223996, 147180.76382368855, 148228.39072624638, 149274.11084642526, 150319.4786270533, 151326.32057393139, 152352.09355020642, 153316.30346678026], "ts-seg-pessimistic": [6391.404693043102, 12321.31813673407, 16446.372979584004, 19363.46013543931, 21982.09895138483, 24414.930133693557, 26652.01962514769, 28795.651546448105, 30794.455808119223, 32655.61306701498, 34403.68410762999, 36046.088622806536, 37617.23915411192, 39126.630262988234, 40509.05053842914, 41880.68074335242, 43275.52341609494, 44641.27755654579, 45921.61694820739, 47160.547975660855, 48316.997124439586, 49533.0792108607, 50726.68792864881, 51837.2114268809, 52970.54839889091, 54076.00460197979, 55233.8450749574, 56275.927849478234, 57386.3297342722, 58359.31595955447, 59373.1621571457, 60319.25901676034, 61296.77846722111, 62266.36847943334, 63243.19266910029, 64216.63693438533, 65198.50053840262, 66046.94227433934, 66984.31829872448, 67884.86802354398, 68760.0582960078, 69603.22629889709, 70507.5279197289, 71402.3389919385, 72275.8833538991, 73078.06539027036, 73855.44408545458, 74641.88778266156, 75470.0025305606, 76297.19528214399, 77013.17283509509, 77758.6454847358, 78480.51213764498, 79228.76739232264, 79982.0590188193, 80709.42391499363, 81411.30845455793, 82120.64701364955, 82895.8791790392, 83593.43932608425, 84342.99726563843, 85059.02967902336, 85740.06497975254, 86469.03754231383, 87156.15389551499, 87814.07848203227, 88559.33368190838, 89225.86256784183, 89925.70667693291, 90600.54987106439, 91280.89776489249, 91904.9475337664, 92560.44764362597, 93265.90862874976, 93926.66353292915, 94603.82210244561, 95244.72396135365, 95891.3793117357, 96541.50422180007, 97243.11734815214, 97865.26980505214, 98468.83882746102, 99195.97426011565, 99791.62154805292, 100392.80066137222, 100989.79045819033, 101619.29414992656, 102217.1718660897, 102805.14494344464, 103421.39756994856, 104003.55919712593, 104573.50847045933, 105110.95294223986, 105692.76382368844, 106282.39072624627, 106887.11084642517, 107441.4786270532, 108026.3205739313, 108573.09355020634, 109144.30346678015], "ts-seg-pessimistic-no-cascade": [6390.404693043102, 12377.31813673407, 16826.372979584004, 20122.46013543931, 22875.09895138483, 25214.930133693557, 27329.01962514769, 29346.651546448105, 31238.455808119223, 33178.61306701498, 34982.68410762999, 36742.088622806536, 38443.23915411192, 40190.630262988234, 41793.05053842914, 43370.68074335242, 44976.52341609494, 46490.27755654579, 48001.61694820739, 49437.547975660855, 50811.997124439586, 52328.0792108607, 53703.68792864881, 55121.2114268809, 56403.54839889091, 57642.00460197979, 58953.8450749574, 60232.927849478234, 61417.3297342722, 62711.31595955447, 63895.1621571457, 65122.25901676034, 66360.77846722111, 67538.36847943334, 68699.19266910029, 69843.63693438533, 70984.50053840262, 72159.94227433932, 73362.31829872445, 74462.86802354395, 75563.05829600777, 76658.22629889706, 77714.52791972888, 78834.33899193846, 79959.88335389907, 81102.06539027033, 82184.44408545455, 83245.88778266154, 84331.00253056057, 85397.19528214396, 86410.17283509506, 87394.64548473577, 88400.51213764495, 89430.76739232261, 90438.05901881927, 91437.4239149936, 92427.3084545579, 93340.64701364952, 94315.87917903917, 95307.43932608422, 96290.9972656384, 97230.02967902333, 98132.06497975251, 99073.0375423138, 100027.15389551496, 100929.07848203224, 101795.33368190835, 102734.8625678418, 103734.70667693288, 104706.54987106436, 105581.89776489246, 106478.94753376638, 107403.44764362594, 108237.90862874973, 109151.66353292912, 110106.82210244559, 110994.72396135362, 111876.37931173567, 112751.50422180005, 113589.11734815211, 114384.26980505211, 115257.83882746099, 116158.97426011562, 117005.62154805289, 117822.8006613722, 118729.7904581903, 119569.29414992653, 120368.17186608967, 121225.14494344461, 122078.39756994853, 122864.5591971259, 123729.5084704593, 124596.95294223983, 125421.76382368841, 126243.39072624625, 127022.11084642514, 127809.47862705318, 128630.32057393127, 129452.09355020631, 130270.30346678013]}