{"epsilon-greedy-explore": [6364.742236175336, 12499.127612758723, 16364.917380785439, 18904.958986171365, 21272.94482765212, 23631.414867533425, 25897.538560604517, 27987.345070351148, 30090.098446450073, 32227.393985165636, 34210.63107528307, 36271.41873076935, 38237.52135652647, 40202.61829336343, 42083.2865943015, 44007.11003383119, 45770.62353563144, 47626.99410293726, 49457.04381877475, 51203.71271565789, 52952.16947457487, 54676.666903252, 56357.00215785905, 58083.95959086342, 59816.66161046323, 61494.875053773016, 63095.49267313273, 64648.45720787884, 66199.01119604822, 67796.8117471145, 69275.87693663928, 70830.13014389014, 72324.85851784794, 73857.88565812084, 75381.91103986763, 76905.01438993643, 78394.19238234342, 79841.35734251163, 81260.96551506723, 82686.92780000293, 84094.9857217929, 85557.03963872592, 86970.37731532834, 88318.7081100475, 89667.39723817905, 91010.68786074108, 92333.91709071658, 93691.94207266744, 95094.98501396971, 96456.54702079551, 97807.75586353883, 99148.590963312, 100345.46435791909, 101589.97174218741, 102880.01071439951, 104124.27665556938, 105330.14046744074, 106553.45172621286, 107798.68479019096, 109015.1438656104, 110228.55287970646, 111435.34559946926, 112672.85275835867, 113900.84295655237, 115095.00180289049, 116331.6837528824, 117540.52754029632, 118798.50958783428, 120110.96980729926, 121259.92726168841, 122414.70059763444, 123572.80541921254, 124657.5085693838, 125801.19547992472, 126971.44282194464, 128127.37651655808, 129259.36156416035, 130435.99861779273, 131542.68158967065, 132652.747028655, 133805.97978800032, 134936.38273952034, 136061.72622090168, 137155.83310574334, 138358.6572536711, 139469.05269869766, 140576.55912789522, 141640.03256785887, 142775.92642257857, 143877.65268265666, 145022.84438010614, 146117.78426559758, 147123.07632623927, 148149.97731401457, 149152.73776346853, 150197.51236371056, 151206.07183689062, 152288.81121270722, 153321.03040768826, 154359.78627174438], "epsilon-greedy-explore-no-cascade": [6409.742236175336, 12689.127612758723, 16527.91738078544, 19319.958986171365, 21832.94482765212, 24280.414867533425, 26506.538560604517, 28645.345070351148, 30819.098446450073, 32895.39398516563, 35030.63107528307, 37077.41873076935, 39090.52135652647, 41100.61829336343, 43150.2865943015, 45074.11003383119, 46990.62353563144, 48824.99410293726, 50688.04381877475, 52384.71271565789, 54241.16947457487, 56041.666903252, 57755.00215785905, 59504.95959086342, 61272.66161046323, 63011.875053773016, 64675.49267313273, 66328.45720787885, 67978.01119604823, 69729.8117471145, 71376.87693663928, 72981.13014389014, 74527.85851784794, 76064.88565812084, 77605.91103986763, 79088.01438993643, 80526.19238234342, 82021.35734251163, 83497.96551506723, 84978.92780000293, 86381.9857217929, 87845.03963872592, 89220.37731532834, 90695.7081100475, 92072.39723817905, 93438.68786074108, 94729.91709071658, 96091.94207266744, 97474.98501396971, 98834.54702079551, 100205.75586353883, 101613.590963312, 102984.46435791909, 104285.97174218741, 105508.01071439951, 106857.27665556938, 108103.14046744074, 109406.45172621286, 110656.68479019096, 111928.1438656104, 113177.55287970646, 114416.34559946926, 115643.85275835867, 116901.84295655237, 118107.00180289049, 119321.6837528824, 120488.52754029632, 121704.50958783428, 122863.96980729926, 124007.92726168841, 125145.70059763444, 126269.80541921254, 127437.5085693838, 128668.19547992472, 129809.44282194464, 130897.37651655808, 131991.36156416035, 133106.99861779273, 134310.68158967065, 135419.747028655, 136484.97978800032, 137559.38273952034, 138676.72622090168, 139740.83310574334, 140824.6572536711, 141913.05269869766, 143058.55912789522, 144132.03256785887, 145132.92642257857, 146182.65268265666, 147282.84438010614, 148367.78426559758, 149408.07632623927, 150566.97731401457, 151603.73776346853, 152661.51236371056, 153671.07183689062, 154728.81121270722, 155756.03040768826, 156836.78627174438], "ts-seg-pessimistic": [6358.742236175336, 12291.127612758723, 16528.91738078544, 19681.958986171365, 22360.94482765212, 24804.414867533425, 27041.538560604517, 29067.345070351148, 30972.098446450073, 32858.39398516563, 34648.63107528307, 36280.41873076935, 37844.52135652647, 39348.61829336343, 40867.2865943015, 42254.11003383119, 43642.62353563144, 44957.99410293726, 46285.04381877475, 47514.71271565789, 48741.16947457487, 49992.666903252, 51178.00215785905, 52234.95959086342, 53370.66161046323, 54486.875053773016, 55496.49267313273, 56499.45720787884, 57566.01119604822, 58592.81174711449, 59650.876936639266, 60640.13014389012, 61654.85851784792, 62590.885658120824, 63530.91103986761, 64379.01438993642, 65277.192382343404, 66157.35734251162, 67043.96551506722, 67928.92780000292, 68786.98572179288, 69660.03963872591, 70471.37731532833, 71305.70811004749, 72117.39723817904, 72969.68786074106, 73789.91709071657, 74606.94207266743, 75445.9850139697, 76210.5470207955, 76935.7558635388, 77753.59096331197, 78590.46435791906, 79242.97174218738, 80019.01071439948, 80828.27665556935, 81599.14046744071, 82287.45172621284, 83069.68479019094, 83820.14386561037, 84512.55287970643, 85236.34559946923, 85990.85275835864, 86713.84295655234, 87421.00180289046, 88110.68375288237, 88843.52754029629, 89455.50958783425, 90069.96980729923, 90722.92726168838, 91393.70059763441, 92083.80541921251, 92754.50856938378, 93393.19547992469, 94087.44282194461, 94687.37651655806, 95328.36156416032, 95965.9986177927, 96674.68158967064, 97280.747028655, 97899.9797880003, 98511.38273952033, 99095.72622090166, 99702.83310574331, 100343.65725367107, 100956.05269869766, 101582.55912789522, 102188.03256785887, 102786.92642257856, 103358.65268265663, 103950.84438010611, 104579.78426559755, 105117.07632623926, 105692.97731401457, 106223.73776346853, 106828.51236371056, 107417.07183689062, 107963.81121270724, 108467.03040768827, 109016.78627174441], "ts-seg-pessimistic-no-cascade": [6417.742236175336, 12363.127612758723, 16621.91738078544, 19668.958986171365, 22295.94482765212, 24723.414867533425, 27037.538560604517, 29116.345070351148, 31133.098446450073, 33142.39398516563, 34997.63107528307, 36773.41873076935, 38534.52135652647, 40184.61829336343, 41837.2865943015, 43486.11003383119, 45098.62353563144, 46674.99410293726, 48245.04381877475, 49764.71271565789, 51224.16947457487, 52665.666903252, 54037.00215785905, 55447.95959086342, 56822.66161046323, 58120.875053773016, 59436.49267313273, 60673.45720787884, 61899.01119604822, 63103.81174711449, 64319.876936639266, 65520.13014389012, 66659.85851784793, 67890.88565812082, 69057.91103986761, 70213.01438993642, 71406.1923823434, 72537.35734251162, 73546.96551506722, 74648.92780000292, 75731.98572179288, 76811.03963872591, 77903.37731532833, 78926.70811004749, 79957.39723817904, 81015.68786074106, 82074.91709071657, 83187.94207266743, 84241.9850139697, 85301.5470207955, 86249.7558635388, 87295.59096331197, 88334.46435791906, 89277.97174218738, 90291.01071439948, 91273.27665556935, 92243.14046744071, 93185.45172621284, 94180.68479019094, 95214.14386561037, 96179.55287970643, 97149.34559946923, 98115.85275835864, 99060.84295655234, 99957.00180289046, 100925.68375288237, 101833.52754029629, 102775.50958783425, 103670.96980729923, 104523.92726168838, 105408.70059763441, 106296.80541921251, 107240.50856938378, 108130.19547992469, 108977.44282194461, 109847.37651655806, 110664.36156416032, 111527.9986177927, 112334.68158967064, 113182.747028655, 114018.9797880003, 114820.38273952033, 115697.72622090166, 116528.83310574331, 117353.65725367107, 118183.05269869766, 119033.55912789522, 119805.03256785887, 120621.92642257856, 121492.65268265663, 122331.84438010611, 123130.78426559755, 123875.07632623926, 124643.97731401457, 125408.73776346853, 126162.51236371056, 126956.07183689062, 127678.81121270724, 128491.03040768827, 129282.78627174441]}