{"epsilon-greedy-explore": [6327.467133724211, 12471.469599178798, 16205.962071555507, 18666.426061670827, 20921.348038621163, 23067.189328727924, 25213.7726903832, 27197.568111499735, 29138.360769394523, 31101.11590907207, 33039.69741995594, 34952.85366707872, 36835.06819873544, 38715.73130415913, 40663.23036374395, 42272.192869420775, 43930.87707541109, 45696.15611897965, 47400.05978113167, 49064.83984530227, 50747.334096900864, 52291.63274078918, 53870.980610446284, 55482.562721154194, 57027.91470905831, 58564.05653003328, 60084.95836132525, 61537.13695618046, 63032.27093256879, 64569.92788292866, 66088.21005690191, 67523.61438514535, 68962.4729886929, 70411.92429970228, 71794.34776984635, 73176.76299430952, 74570.91500734692, 75960.60081768417, 77336.72135036683, 78703.6586666575, 80035.50417167027, 81397.71704046208, 82807.22575382749, 84166.38027543237, 85506.90917375202, 86843.89395110561, 88212.7249323825, 89476.47853973639, 90789.30327094215, 92118.9680702148, 93428.31022857358, 94686.32992926358, 96033.52014963675, 97320.91537157423, 98540.00596665543, 99775.62133960244, 101093.99999874968, 102291.52250767274, 103498.78472393723, 104696.50222644613, 105864.04325656568, 107026.1497901396, 108216.78180913112, 109406.16266301056, 110562.64510380507, 111768.05573462346, 112964.30370040392, 114070.42474070002, 115161.88793306469, 116306.38226435488, 117457.19638143694, 118521.77322072681, 119548.6032647865, 120680.31143364053, 121822.63760336168, 122850.03193198254, 123896.59054020225, 124964.77958111101, 126047.57550887355, 127107.066772342, 128189.62780525822, 129214.61701125238, 130221.14049871499, 131196.37253186438, 132279.03052762794, 133353.40580150834, 134418.1909386632, 135487.87104701562, 136597.7915088393, 137572.3618496821, 138596.95615173987, 139727.0565362163, 140809.7582731546, 141786.7016466864, 142775.3596753287, 143845.6718482034, 144811.78232526203, 145816.22028797667, 146832.0241042903, 147858.86084871294], "epsilon-greedy-explore-no-cascade": [6343.467133724211, 12425.469599178798, 16078.962071555507, 18648.426061670827, 20941.348038621163, 23244.189328727924, 25470.7726903832, 27712.568111499735, 29931.360769394523, 32001.11590907207, 34138.69741995594, 36154.85366707872, 38210.06819873544, 40175.73130415913, 42067.23036374395, 44040.192869420775, 45943.87707541109, 47857.15611897965, 49755.05978113167, 51600.83984530227, 53441.334096900864, 55096.63274078918, 56824.980610446284, 58634.562721154194, 60349.91470905831, 61973.05653003328, 63505.95836132525, 65039.13695618046, 66567.27093256879, 68150.92788292866, 69571.21005690191, 70998.61438514535, 72541.4729886929, 74059.92429970228, 75507.34776984635, 76989.76299430952, 78472.91500734692, 79879.60081768417, 81258.72135036683, 82680.6586666575, 84099.50417167027, 85456.71704046208, 86800.22575382749, 88141.38027543237, 89465.90917375202, 90858.89395110561, 92164.7249323825, 93463.47853973639, 94797.30327094215, 96085.9680702148, 97352.31022857358, 98593.32992926358, 99878.52014963675, 101098.91537157423, 102287.00596665543, 103557.62133960244, 104770.99999874968, 105972.52250767274, 107092.78472393723, 108226.50222644613, 109442.04325656568, 110603.1497901396, 111778.78180913112, 112964.16266301056, 114174.64510380507, 115378.05573462346, 116563.30370040392, 117768.42474070002, 118898.88793306469, 120081.38226435488, 121202.19638143694, 122319.77322072681, 123416.6032647865, 124542.31143364053, 125627.63760336168, 126724.03193198254, 127812.59054020225, 128870.77958111101, 129973.57550887355, 131024.066772342, 132184.6278052582, 133257.61701125235, 134396.14049871496, 135420.37253186436, 136513.0305276279, 137539.4058015083, 138582.19093866317, 139661.8710470156, 140707.79150883926, 141703.36184968206, 142756.9561517398, 143781.05653621623, 144842.75827315456, 145957.70164668633, 146992.35967532865, 148005.67184820335, 149053.78232526197, 150102.2202879766, 151127.02410429023, 152149.86084871288], "ts-seg-pessimistic": [6358.467133724211, 12252.469599178798, 16406.962071555507, 19514.426061670827, 22122.348038621163, 24483.189328727924, 26589.7726903832, 28622.568111499735, 30504.360769394523, 32305.11590907207, 34075.69741995594, 35658.85366707872, 37235.06819873544, 38758.73130415913, 40239.23036374395, 41707.192869420775, 43107.87707541109, 44549.15611897965, 45884.05978113167, 47172.83984530227, 48502.334096900864, 49760.63274078918, 50993.980610446284, 52204.562721154194, 53406.91470905831, 54568.05653003328, 55635.95836132525, 56723.13695618046, 57828.27093256879, 58796.92788292866, 59812.2100569019, 60824.614385145345, 61783.4729886929, 62845.92429970228, 63855.34776984635, 64828.762994309516, 65807.91500734692, 66762.60081768417, 67767.72135036683, 68689.6586666575, 69614.50417167027, 70574.71704046208, 71499.22575382749, 72394.38027543237, 73319.90917375202, 74126.89395110561, 74966.7249323825, 75722.47853973639, 76568.30327094215, 77461.9680702148, 78326.31022857358, 79179.32992926358, 79975.52014963675, 80731.91537157423, 81451.00596665543, 82171.62133960244, 82948.99999874968, 83716.52250767274, 84430.78472393723, 85178.50222644613, 85960.04325656568, 86680.1497901396, 87418.78180913112, 88126.16266301056, 88812.64510380507, 89493.05573462346, 90196.30370040392, 90859.42474070002, 91526.88793306469, 92168.38226435488, 92811.19638143694, 93511.77322072681, 94147.6032647865, 94806.31143364053, 95501.63760336168, 96121.03193198254, 96782.59054020225, 97415.77958111101, 98053.57550887355, 98647.066772342, 99222.62780525822, 99816.61701125238, 100468.14049871499, 101048.37253186438, 101602.03052762793, 102192.40580150834, 102708.1909386632, 103290.87104701562, 103894.79150883928, 104502.36184968206, 105118.95615173983, 105662.05653621625, 106254.75827315456, 106899.70164668631, 107434.35967532865, 107988.67184820336, 108578.78232526199, 109167.22028797661, 109751.02410429025, 110317.86084871288], "ts-seg-pessimistic-no-cascade": [6348.467133724211, 12290.469599178798, 16547.962071555507, 19809.426061670827, 22553.348038621163, 25061.189328727924, 27351.7726903832, 29572.568111499735, 31524.360769394523, 33359.11590907207, 35132.69741995594, 36874.85366707872, 38530.06819873544, 40105.73130415913, 41705.23036374395, 43256.192869420775, 44732.87707541109, 46271.15611897965, 47727.05978113167, 49182.83984530227, 50610.334096900864, 51945.63274078918, 53283.980610446284, 54601.562721154194, 55933.91470905831, 57242.05653003328, 58546.95836132525, 59801.13695618046, 61022.27093256879, 62188.92788292866, 63338.2100569019, 64445.614385145345, 65563.4729886929, 66715.92429970228, 67839.34776984635, 68971.76299430952, 70078.91500734692, 71192.60081768417, 72354.72135036683, 73422.6586666575, 74458.50417167027, 75460.71704046208, 76491.22575382749, 77620.38027543237, 78695.90917375202, 79759.89395110561, 80836.7249323825, 81810.47853973639, 82828.30327094215, 83822.9680702148, 84854.31022857358, 85938.32992926358, 86971.52014963675, 87932.91537157423, 88954.00596665543, 89925.62133960244, 90932.99999874968, 91866.52250767274, 92754.78472393723, 93677.50222644613, 94562.04325656568, 95497.1497901396, 96425.78180913112, 97266.16266301056, 98154.64510380507, 99089.05573462346, 100031.30370040392, 100990.42474070002, 101867.88793306469, 102749.38226435488, 103666.19638143694, 104505.77322072681, 105448.6032647865, 106319.31143364053, 107236.63760336168, 108193.03193198254, 109086.59054020225, 109944.77958111101, 110790.57550887355, 111678.066772342, 112458.62780525822, 113333.61701125238, 114175.14049871499, 115038.37253186438, 115916.03052762793, 116784.40580150834, 117639.1909386632, 118531.87104701562, 119348.79150883928, 120135.36184968206, 120949.95615173983, 121776.05653621625, 122632.75827315456, 123427.70164668631, 124281.35967532865, 125097.67184820336, 125875.78232526199, 126598.22028797661, 127337.02410429025, 128076.86084871288]}