{"epsilon-greedy-explore": [6383.080206085813, 12603.442976577753, 16449.168284970197, 18932.975997643363, 21294.94775553768, 23551.65835316082, 25752.111678059126, 27915.29407879147, 29933.49204612779, 31951.891841177567, 33925.82856157881, 35863.90956459375, 37672.69886143748, 39541.61623660045, 41474.913621666245, 43288.932798408, 45074.29392354499, 46859.261116743706, 48537.76247343814, 50248.46923835383, 51923.25225658687, 53555.67296575313, 55214.95941147594, 56835.542759842596, 58441.5098460172, 60071.55489001095, 61612.63988242308, 63182.15026200298, 64665.22359297546, 66206.81066884709, 67647.99036785892, 69088.9076914503, 70504.07601203072, 71977.42738005701, 73392.93367960339, 74786.40969262776, 76205.22899588794, 77676.68120080618, 78983.65428189143, 80303.88982623059, 81666.43484322232, 82968.70925671318, 84313.59499158006, 85562.22066601594, 86829.9631853271, 88078.46134171875, 89330.20043365723, 90583.99028155937, 91788.93872762911, 93015.68895204745, 94254.40965087841, 95469.94743271716, 96699.39215741676, 97879.0760017544, 99100.52926957967, 100277.60577999058, 101458.10504685428, 102675.36112196659, 103859.2575389726, 105006.42131313685, 106152.65295005088, 107334.19121944503, 108528.66966558997, 109668.8532227927, 110827.78734190302, 111926.48954833305, 113048.5587525469, 114079.7291582356, 115198.16629659152, 116334.51053158347, 117402.45067157187, 118466.57954401537, 119556.7292112628, 120627.98101709344, 121661.45184380861, 122729.35301770296, 123825.58855302661, 124869.63443648297, 125900.53298287196, 126977.26215560286, 128064.13721778293, 129128.98011957835, 130156.97233447572, 131237.40591844125, 132269.15021952632, 133274.39665823383, 134349.4038340653, 135390.1268093361, 136386.1043136234, 137353.6785927983, 138399.05743180227, 139344.876633364, 140310.04997973357, 141294.49483052135, 142265.9411430653, 143182.13905742794, 144193.62391808417, 145241.6090766107, 146196.6604737376, 147223.24391269562], "epsilon-greedy-explore-no-cascade": [6328.080206085813, 12544.442976577753, 16291.1682849702, 19086.975997643363, 21423.94775553768, 23836.65835316082, 26125.111678059126, 28342.29407879147, 30354.49204612779, 32391.891841177567, 34396.82856157881, 36261.90956459375, 38211.69886143748, 40101.61623660045, 41970.913621666245, 43730.932798408, 45637.29392354499, 47439.261116743706, 49192.76247343814, 50951.46923835383, 52710.25225658687, 54346.67296575313, 56125.95941147594, 57787.542759842596, 59435.5098460172, 61088.55489001095, 62665.63988242308, 64295.15026200298, 65924.22359297547, 67458.81066884709, 69094.99036785892, 70574.9076914503, 72070.07601203072, 73596.42738005701, 75028.93367960339, 76488.40969262776, 77936.22899588794, 79340.68120080618, 80784.65428189143, 82173.88982623059, 83594.43484322232, 85020.70925671318, 86434.59499158006, 87847.22066601594, 89244.9631853271, 90592.46134171875, 91955.20043365723, 93270.99028155937, 94682.93872762911, 96020.68895204745, 97309.40965087841, 98577.94743271716, 99834.39215741676, 101080.0760017544, 102399.52926957967, 103670.60577999058, 104923.10504685428, 106153.36112196659, 107357.2575389726, 108523.42131313685, 109746.65295005088, 111064.19121944503, 112289.66966558997, 113469.8532227927, 114696.78734190302, 115812.48954833305, 116990.5587525469, 118157.7291582356, 119359.16629659152, 120569.51053158347, 121707.45067157187, 122881.57954401537, 124050.7292112628, 125222.98101709344, 126386.45184380861, 127493.35301770296, 128600.58855302661, 129714.63443648297, 130865.53298287196, 132105.26215560286, 133209.13721778293, 134413.98011957834, 135485.97233447572, 136560.40591844125, 137659.15021952632, 138792.39665823383, 139899.4038340653, 140987.1268093361, 142116.1043136234, 143239.6785927983, 144274.05743180227, 145327.876633364, 146371.04997973357, 147427.49483052135, 148515.9411430653, 149651.13905742794, 150769.62391808417, 151789.6090766107, 152889.6604737376, 153911.24391269562], "ts-seg-pessimistic": [6366.080206085813, 12374.442976577753, 16522.168284970197, 19739.975997643363, 22478.94775553768, 25041.65835316082, 27300.111678059126, 29458.29407879147, 31383.49204612779, 33269.89184117757, 35026.82856157881, 36787.90956459375, 38422.69886143748, 39967.61623660045, 41454.913621666245, 42969.932798408, 44365.29392354499, 45783.261116743706, 47168.76247343814, 48404.46923835383, 49719.25225658687, 50992.67296575313, 52241.95941147594, 53407.542759842596, 54544.5098460172, 55633.55489001095, 56732.63988242308, 57828.15026200298, 58912.22359297546, 59951.81066884709, 60966.990367858925, 61989.907691450295, 63029.076012030724, 64072.42738005701, 64991.9336796034, 65984.40969262776, 66953.22899588794, 67939.68120080618, 68851.65428189143, 69777.88982623059, 70702.43484322232, 71699.70925671318, 72603.59499158006, 73496.22066601594, 74404.9631853271, 75302.46134171875, 76122.20043365723, 77006.99028155937, 77821.93872762911, 78655.68895204745, 79481.40965087841, 80326.94743271716, 81172.39215741676, 81936.0760017544, 82694.52926957967, 83465.60577999058, 84231.10504685428, 84935.36112196659, 85692.2575389726, 86437.42131313685, 87139.65295005088, 87901.19121944503, 88630.66966558997, 89360.8532227927, 90096.78734190302, 90767.48954833305, 91490.5587525469, 92244.7291582356, 92974.16629659152, 93673.51053158347, 94243.45067157187, 94906.57954401537, 95529.7292112628, 96170.98101709344, 96807.45184380861, 97395.35301770296, 98047.58855302661, 98645.63443648297, 99289.53298287196, 99949.26215560286, 100516.13721778293, 101099.98011957835, 101762.97233447572, 102395.40591844125, 102992.15021952632, 103654.39665823385, 104308.40383406532, 104895.12680933613, 105503.10431362341, 106094.67859279833, 106664.05743180228, 107236.87663336402, 107839.04997973358, 108356.49483052136, 108945.94114306533, 109602.13905742795, 110187.62391808418, 110802.60907661071, 111331.6604737376, 111908.24391269563], "ts-seg-pessimistic-no-cascade": [6324.080206085813, 12253.442976577753, 16402.168284970197, 19598.975997643363, 22212.94775553768, 24707.65835316082, 26924.111678059126, 29083.29407879147, 31097.49204612779, 33001.89184117757, 34850.82856157881, 36669.90956459375, 38412.69886143748, 40106.61623660045, 41750.913621666245, 43432.932798408, 45038.29392354499, 46531.261116743706, 48070.76247343814, 49608.46923835383, 51034.25225658687, 52382.67296575313, 53711.95941147594, 55069.542759842596, 56393.5098460172, 57683.55489001095, 58898.63988242308, 60081.15026200298, 61337.22359297546, 62577.81066884709, 63711.990367858925, 64950.907691450295, 66166.07601203072, 67419.42738005701, 68605.93367960339, 69737.40969262776, 70875.22899588794, 71988.68120080618, 73114.65428189143, 74235.88982623059, 75361.43484322232, 76363.70925671318, 77430.59499158006, 78493.22066601594, 79624.9631853271, 80655.46134171875, 81754.20043365723, 82796.99028155937, 83847.93872762911, 84857.68895204745, 85872.40965087841, 86897.94743271716, 87960.39215741676, 88974.0760017544, 89927.52926957967, 90932.60577999058, 91983.10504685428, 92893.36112196659, 93885.2575389726, 94942.42131313685, 95906.65295005088, 96772.19121944503, 97711.66966558997, 98644.8532227927, 99559.78734190302, 100445.48954833305, 101348.5587525469, 102248.7291582356, 103125.16629659152, 103972.51053158347, 104765.45067157187, 105607.57954401537, 106580.7292112628, 107388.98101709344, 108289.45184380861, 109067.35301770296, 109942.58855302661, 110835.63443648297, 111656.53298287196, 112510.26215560286, 113368.13721778293, 114207.98011957835, 115032.97233447572, 115869.40591844125, 116630.15021952632, 117420.39665823385, 118224.40383406532, 119057.12680933613, 119886.10431362341, 120750.67859279833, 121587.05743180228, 122445.87663336402, 123272.04997973358, 124096.49483052136, 124900.94114306533, 125737.13905742795, 126556.62391808418, 127405.60907661071, 128218.6604737376, 129053.24391269563]}