{"epsilon-greedy-explore": [6393.408518805698, 12532.638297740406, 16393.883556998364, 18979.130631950255, 21357.48797956182, 23687.642669998633, 25955.251925831166, 28184.107746844253, 30293.115783963964, 32367.0498170922, 34535.5204927438, 36514.94942914968, 38550.33093297297, 40476.87706271582, 42405.18737414311, 44213.830946469316, 45996.16779147206, 47720.955495492715, 49447.46149625322, 51129.50631989648, 52876.222775127724, 54560.65841414767, 56154.485427436426, 57785.60380023638, 59427.61673997617, 61044.30472320563, 62595.12304998191, 64139.7261018245, 65669.86903822226, 67245.39460515509, 68777.77385677787, 70303.33980982398, 71838.46355282395, 73327.92758127667, 74780.74738328993, 76241.38723522238, 77680.07441967518, 79076.51280873382, 80465.01447627015, 81820.33586500504, 83129.37072994866, 84452.2255321423, 85733.71392919608, 87090.33916244298, 88409.2242115357, 89714.87581082326, 91007.74661573989, 92247.45468292292, 93557.77891242919, 94840.45158201418, 96104.38630609812, 97348.28503468892, 98491.62505867706, 99755.0483635868, 100922.701069682, 102156.24058218872, 103347.16583504474, 104543.49751446237, 105766.12718419389, 106925.93618143075, 108069.3597414361, 109231.30590776568, 110318.56831873664, 111439.0030336221, 112594.57288965645, 113721.64948648006, 114800.87846261269, 115893.18628946821, 117050.07249306774, 118200.37549757955, 119295.42269555888, 120433.74894855752, 121516.73074742005, 122669.97008854948, 123730.13916206837, 124784.64539430305, 125924.6057347236, 127054.34552682388, 128131.29918164187, 129190.51567796119, 130238.51431435205, 131291.93976656406, 132370.3986191899, 133338.27076847726, 134373.073796776, 135409.17469429577, 136393.4284106105, 137449.0256408975, 138427.4245135918, 139536.099089226, 140572.54405324074, 141604.47786507025, 142600.15366549068, 143601.0130257353, 144544.43551054987, 145465.28225099586, 146495.5019923336, 147438.45365408505, 148403.96486414908, 149289.4132294339], "epsilon-greedy-explore-no-cascade": [6409.408518805698, 12474.638297740406, 16258.883556998366, 18905.130631950255, 21331.48797956182, 23673.642669998633, 26078.251925831166, 28349.107746844253, 30584.115783963964, 32813.0498170922, 34972.5204927438, 37060.94942914968, 39149.33093297297, 41226.87706271582, 43302.18737414311, 45366.830946469316, 47407.16779147206, 49251.955495492715, 51156.46149625322, 53066.50631989648, 54904.222775127724, 56771.65841414767, 58549.485427436426, 60207.60380023638, 61954.61673997617, 63689.30472320563, 65366.12304998191, 67051.72610182449, 68689.86903822224, 70301.39460515507, 71900.77385677786, 73542.33980982397, 75155.46355282393, 76708.92758127666, 78243.74738328991, 79815.38723522237, 81353.07441967516, 82892.51280873381, 84413.01447627014, 85887.33586500502, 87369.37072994864, 88765.2255321423, 90210.71392919608, 91627.33916244298, 93032.2242115357, 94462.87581082326, 95849.74661573989, 97264.45468292292, 98649.77891242919, 100025.45158201418, 101402.38630609812, 102779.28503468892, 104092.62505867706, 105521.0483635868, 106817.701069682, 108133.24058218872, 109386.16583504474, 110634.49751446237, 111894.12718419389, 113136.93618143075, 114441.3597414361, 115740.30590776568, 116958.56831873664, 118192.0030336221, 119445.57288965645, 120728.64948648006, 121989.87846261269, 123156.18628946821, 124392.07249306774, 125589.37549757955, 126732.42269555888, 127891.74894855752, 129020.73074742005, 130225.97008854948, 131370.13916206837, 132453.64539430305, 133533.60573472362, 134672.3455268239, 135803.2991816419, 136875.5156779612, 138005.51431435207, 139080.93976656406, 140241.3986191899, 141295.27076847726, 142379.073796776, 143452.17469429577, 144538.4284106105, 145566.0256408975, 146675.4245135918, 147699.099089226, 148806.54405324074, 149853.47786507025, 150796.15366549068, 151808.0130257353, 152840.43551054987, 153913.28225099586, 154999.5019923336, 156038.45365408505, 157103.96486414908, 158077.4132294339], "ts-seg-pessimistic": [6356.408518805698, 12226.638297740406, 16564.883556998364, 19827.130631950255, 22583.48797956182, 25017.642669998633, 27149.251925831166, 29189.107746844253, 31076.115783963964, 32869.0498170922, 34628.5204927438, 36352.94942914968, 37926.33093297297, 39405.87706271582, 40853.18737414311, 42268.830946469316, 43589.16779147206, 44915.955495492715, 46226.46149625322, 47434.50631989648, 48717.222775127724, 49944.65841414767, 51187.485427436426, 52337.60380023638, 53502.61673997617, 54684.30472320563, 55770.12304998191, 56865.7261018245, 57964.869038222256, 59037.394605155096, 60056.77385677789, 61059.33980982399, 62105.46355282396, 63117.927581276694, 64090.74738328995, 65029.38723522241, 66037.0744196752, 67013.51280873385, 68018.01447627018, 68971.33586500506, 69866.37072994869, 70791.22553214233, 71711.7139291961, 72602.33916244301, 73464.22421153572, 74253.87581082329, 75094.74661573992, 75893.45468292295, 76706.77891242922, 77527.45158201421, 78305.38630609815, 79090.28503468895, 79850.62505867709, 80582.04836358683, 81326.70106968204, 82122.24058218875, 82843.16583504477, 83528.4975144624, 84283.12718419392, 84951.93618143078, 85650.35974143613, 86305.30590776571, 87035.56831873667, 87763.00303362212, 88408.57288965648, 89111.64948648009, 89783.87846261272, 90483.18628946824, 91147.07249306777, 91858.37549757957, 92591.42269555891, 93214.74894855755, 93838.73074742008, 94538.97008854951, 95148.1391620684, 95812.64539430308, 96456.60573472363, 97043.3455268239, 97685.2991816419, 98338.51567796122, 98958.51431435208, 99572.93976656409, 100171.39861918993, 100851.27076847729, 101452.07379677602, 102050.17469429578, 102547.42841061053, 103109.02564089754, 103699.42451359185, 104304.09908922602, 104844.54405324077, 105423.47786507026, 106024.1536654907, 106661.0130257353, 107223.43551054985, 107858.28225099584, 108474.50199233355, 109029.45365408501, 109528.96486414902, 110085.41322943383], "ts-seg-pessimistic-no-cascade": [6349.408518805698, 12223.638297740406, 16428.883556998364, 19763.130631950255, 22702.48797956182, 25292.642669998633, 27643.251925831166, 29776.107746844253, 31778.115783963964, 33663.0498170922, 35535.5204927438, 37250.94942914968, 38998.33093297297, 40716.87706271582, 42341.18737414311, 43870.830946469316, 45457.16779147206, 46927.955495492715, 48410.46149625322, 49889.50631989648, 51338.222775127724, 52696.65841414767, 54101.485427436426, 55352.60380023638, 56682.61673997617, 57978.30472320563, 59281.12304998191, 60587.7261018245, 61915.869038222256, 63159.394605155096, 64409.77385677789, 65673.339809824, 66913.46355282396, 68122.92758127669, 69277.74738328994, 70412.3872352224, 71597.07441967519, 72776.51280873384, 73857.01447627017, 74965.33586500505, 76042.37072994867, 77180.22553214233, 78278.7139291961, 79404.33916244301, 80552.22421153572, 81595.87581082329, 82713.74661573992, 83778.45468292295, 84815.77891242922, 85905.45158201421, 86966.38630609815, 88020.28503468895, 89026.62505867709, 90077.04836358683, 91008.70106968204, 92031.24058218875, 93081.16583504477, 94093.4975144624, 95105.12718419392, 96139.93618143078, 97084.35974143613, 98106.30590776571, 99002.56831873667, 99958.00303362212, 100892.57288965648, 101836.64948648009, 102714.87846261272, 103693.18628946824, 104574.07249306777, 105481.37549757957, 106386.42269555891, 107199.74894855755, 108119.73074742008, 108979.97008854951, 109874.1391620684, 110734.64539430308, 111586.60573472363, 112470.3455268239, 113297.2991816419, 114168.51567796122, 115038.51431435208, 115878.93976656409, 116733.39861918993, 117500.27076847729, 118331.07379677602, 119247.17469429578, 119983.42841061053, 120814.02564089754, 121700.42451359185, 122554.09908922602, 123429.54405324077, 124263.47786507026, 125047.1536654907, 125870.0130257353, 126710.43551054985, 127488.28225099584, 128231.50199233355, 129111.45365408501, 129896.96486414902, 130662.41322943383]}