{"random": [6368.888192756784, 12677.323938294798, 19031.532027422625, 25322.248417106508, 31698.56293528024, 38059.83407201372, 44494.15255777269, 50869.39714800124, 57207.73572348331, 63593.354127731036, 70050.30620513804, 76451.02880240505, 82790.93232533628, 89233.77496967524, 95659.92424896102, 101998.57272731623, 108395.84090732197, 114804.51530624193, 121149.66428006453, 127555.42033540297, 133960.76555030362, 140343.54373389468, 146724.14141757716, 153116.96116642744, 159540.26740717204, 165848.6219544473, 172242.61388154532, 178636.96924543023, 185026.38173941345, 191409.8923975294, 197799.14075060235, 204195.55078677472, 210618.28909318778, 217067.49258453058, 223427.60800169845, 229808.50384866106, 236170.25625061558, 242583.31387991057, 248966.43920868, 255339.96466302237, 261682.50771230867, 267992.14442509966, 274344.36344895954, 280735.7170193058, 287104.9011479729, 293579.1107384909, 299963.80551541795, 306287.083835637, 312666.8338773902, 319057.3829405405, 325431.9470838198, 331828.9466001177, 338187.5530936422, 344489.193343333, 350822.2142450572, 357161.6956299863, 363490.87752481236, 369845.89469514875, 376234.17915245256, 382652.04845841386, 389006.17253902886, 395340.36005226395, 401775.92242516566, 408201.8530713887, 414583.37864560593, 420938.99935870344, 427387.74649520934, 433848.8676605317, 440259.03062517854, 446643.24712475116, 453017.3627371175, 459471.5745167014, 465804.22956341447, 472101.3777588584, 478493.90970391384, 484775.8074208511, 491126.71713897126, 497478.0301128879, 503934.1755373435, 510381.2750195569, 516674.23211219726, 523054.4468411341, 529456.6371029273, 535808.096489851, 542170.2652960204, 548507.6974346404, 554880.3544700841, 561248.2294937733, 567685.7931129562, 574036.5801266037, 580400.3943971015, 586748.6911707581, 593125.1488092775, 599532.9794070524, 605914.6440498605, 612310.6115638143, 618675.538949754, 625028.6404744744, 631383.1804421247, 637668.2555304541], "etc-seg-explore": [6386.888192756784, 12754.323938294798, 18548.532027422625, 23725.248417106508, 29580.56293528024, 34951.83407201372, 40693.15255777269, 46684.39714800124, 52599.73572348331, 58551.354127731036, 64453.30620513803, 70493.02880240504, 76582.93232533627, 82739.77496967523, 88822.924248961, 95062.57272731622, 101053.84090732195, 107338.51530624191, 113600.66428006452, 120047.42033540296, 126316.76555030362, 132756.54373389468, 139019.14141757716, 145363.96116642744, 151686.26740717204, 158025.6219544473, 164409.61388154532, 170766.96924543023, 177125.38173941345, 183497.8923975294, 189856.14075060235, 196236.55078677472, 202691.28909318778, 209161.49258453058, 215537.60800169845, 221977.50384866106, 228452.25625061558, 234971.31387991057, 241452.43920868, 247873.96466302237, 254361.50771230867, 260805.1444250997, 267326.3634489596, 273844.7170193058, 280297.9011479729, 286878.1107384909, 293348.80551541795, 299881.083835637, 306416.8338773902, 312918.3829405405, 319448.9470838198, 326024.9466001177, 332615.5530936422, 339086.193343333, 345458.2142450572, 351618.6956299863, 357772.87752481236, 363830.89469514875, 369985.17915245256, 376186.04845841386, 382295.17253902886, 388422.36005226395, 394605.92242516566, 400827.8530713887, 407010.37864560593, 413114.99935870344, 419336.74649520934, 425472.8676605317, 431654.03062517854, 437661.24712475116, 443766.3627371175, 449837.5745167014, 455887.22956341447, 462024.3777588584, 468196.90970391384, 474079.8074208511, 479939.71713897126, 485760.0301128879, 491734.1755373435, 497636.2750195569, 503493.23211219726, 509433.4468411341, 515363.6371029273, 521223.0964898511, 527008.2652960205, 532818.6974346405, 538645.3544700842, 544462.2294937734, 550422.7931129563, 556099.5801266038, 561903.3943971016, 567278.6911707582, 572815.1488092776, 578182.9794070525, 583333.6440498607, 588065.6115638145, 592623.5389497541, 597266.6404744745, 601745.1804421248, 606246.2555304542], "etc-seg-exploit": [6416.888192756784, 12748.323938294798, 18288.532027422625, 23815.248417106508, 29345.56293528024, 34819.83407201372, 40706.15255777269, 46551.39714800124, 52513.73572348331, 58306.354127731036, 64087.30620513803, 70163.02880240504, 76315.93232533627, 82425.77496967523, 88652.924248961, 94721.57272731622, 100831.84090732195, 107027.51530624191, 113242.66428006452, 119289.42033540296, 125207.76555030362, 130962.54373389468, 136804.14141757716, 142275.96116642744, 147558.26740717204, 152443.6219544473, 156841.61388154532, 161086.96924543023, 165071.38173941345, 168490.8923975294, 171641.14075060235, 174342.55078677472, 176624.28909318778, 178645.49258453058, 180250.60800169845, 181633.50384866106, 182746.25625061558, 183722.31387991057, 184652.43920868, 185412.96466302237, 185994.50771230867, 186362.1444250997, 186742.3634489596, 187143.71701930583, 187489.90114797294, 187778.11073849094, 188172.805515418, 188499.08383563708, 188895.83387739025, 189205.38294054056, 189521.9470838198, 189858.94660011772, 190155.55309364217, 190497.19334333306, 190795.21424505723, 191200.69562998635, 191512.87752481241, 191899.8946951488, 192220.1791524526, 192526.0484584139, 192873.17253902892, 193217.360052264, 193485.92242516574, 193795.8530713888, 194022.37864560605, 194293.9993587036, 194572.74649520952, 194888.86766053192, 195230.03062517877, 195506.2471247514, 195833.36273711774, 196105.57451670163, 196386.2295634147, 196679.3777588586, 196973.9097039141, 197208.8074208513, 197433.71713897146, 197687.03011288808, 197924.17553734363, 198208.2750195571, 198505.23211219744, 198809.44684113428, 199001.63710292746, 199309.0964898512, 199555.2652960206, 199833.6974346405, 200112.35447008422, 200398.22949377348, 200699.7931129564, 200910.58012660386, 201177.39439710163, 201423.69117075825, 201698.14880927763, 201953.97940705263, 202152.64404986077, 202405.61156381454, 202706.5389497542, 203011.6404744747, 203344.18044212498, 203604.25553045433], "epsilon-greedy-explore": [6421.888192756784, 12565.323938294798, 16236.532027422623, 18738.248417106508, 21094.56293528024, 23430.83407201372, 25680.152557772693, 27874.39714800124, 29970.73572348331, 32033.354127731036, 34085.30620513803, 36160.02880240504, 38118.93232533627, 40034.77496967522, 41972.924248961004, 43894.57272731622, 45742.84090732196, 47594.51530624193, 49384.664280064535, 51073.42033540297, 52822.76555030363, 54522.54373389469, 56180.141417577186, 57900.96116642746, 59497.267407172076, 61098.621954447335, 62709.61388154534, 64247.96924543025, 65781.38173941347, 67267.8923975294, 68784.14075060238, 70347.55078677477, 71907.28909318782, 73466.49258453063, 74912.60800169848, 76352.50384866107, 77835.2562506156, 79184.3138799106, 80576.43920868004, 82003.96466302239, 83415.5077123087, 84837.14442509972, 86159.36344895963, 87461.71701930586, 88840.90114797297, 90204.11073849096, 91557.80551541802, 92874.08383563711, 94214.83387739027, 95528.38294054057, 96821.94708381983, 98105.94660011776, 99381.5530936422, 100639.19334333309, 101946.21424505724, 103243.69562998637, 104434.87752481241, 105608.89469514879, 106853.17915245258, 108087.04845841388, 109405.17253902889, 110646.36005226396, 111902.92242516569, 113103.85307138872, 114325.37864560598, 115554.9993587035, 116759.74649520943, 117943.86766053183, 119081.03062517868, 120252.24712475132, 121511.36273711766, 122663.57451670156, 123819.22956341464, 124896.37775885857, 126037.90970391406, 127146.80742085128, 128275.71713897145, 129370.03011288808, 130471.17553734363, 131542.2750195571, 132571.23211219744, 133783.44684113428, 134885.63710292746, 136041.0964898512, 137062.2652960206, 138215.6974346405, 139280.35447008422, 140315.22949377348, 141386.7931129564, 142516.58012660386, 143526.39439710163, 144651.69117075825, 145642.14880927763, 146737.97940705263, 147765.64404986077, 148843.61156381454, 149963.5389497542, 151053.6404744747, 152112.18044212498, 153131.25553045433],