{"random": [6397.880127220351, 12728.21128324701, 19112.401596302963, 25522.762877368474, 31828.817157047204, 38212.8822493935, 44566.41500332454, 50926.84625949049, 57333.55166131844, 63732.763292260184, 70193.89486880967, 76491.89619093754, 82897.45073113269, 89353.40750620444, 95730.64929475058, 102065.60389720844, 108378.64139248263, 114719.50561414493, 121043.43328013232, 127438.76865906968, 133819.33672945874, 140148.9150293566, 146443.07131316216, 152822.7560871771, 159182.4142244883, 165600.52565795032, 172010.3004208789, 178388.57856866924, 184816.8473883688, 191182.9796214199, 197550.61830579833, 203885.34877829335, 210281.81966155447, 216650.18755510918, 223050.2715840558, 229445.57589576082, 235780.08403804243, 242159.44877919988, 248536.09645535063, 254875.63845306484, 261255.9249603321, 267628.546554719, 273985.23658395925, 280362.5921924873, 286759.24151597935, 293075.12971217773, 299487.25432417606, 305849.5876719299, 312206.86494792195, 318538.4797147913, 324911.4268679389, 331284.7129721831, 337595.9602624376, 343967.9063090732, 350311.2705545834, 356631.83809570275, 363008.88717953855, 369409.3084844849, 375770.5703039913, 382132.84598841536, 388556.0595601823, 394893.7589655843, 401220.8975519915, 407537.7797251219, 413910.8060250054, 420260.52163388324, 426605.1051782268, 432958.11118498206, 439340.1773996119, 445712.6207427498, 452014.85907848587, 458349.81806847925, 464711.06315009017, 471075.5097789435, 477458.8024516364, 483799.22944633674, 490138.54155723366, 496465.83920073207, 502858.14676117856, 509231.59075165394, 515542.8861177001, 521906.22957678617, 528277.4153292075, 534626.0778591948, 540987.1677043106, 547323.9073674753, 553719.4618512676, 560033.9778570293, 566398.4830796764, 572788.0484962892, 579107.9336637084, 585478.5301729904, 591799.9968696231, 598200.2385277513, 604502.8706293149, 610890.6861565604, 617278.8372246989, 623650.0327380846, 630035.0758043561, 636382.8007013259], "etc-seg-explore": [6377.880127220351, 12719.21128324701, 17955.401596302963, 23551.762877368474, 29420.817157047204, 34820.8822493935, 40695.41500332454, 46524.84625949049, 52471.55166131844, 58468.763292260184, 64471.894868809664, 70593.89619093754, 76794.45073113269, 82961.40750620444, 89050.64929475058, 95331.60389720844, 101464.64139248263, 107670.50561414493, 113809.43328013232, 120007.76865906968, 126183.33672945875, 132424.9150293566, 138644.07131316216, 144931.7560871771, 151228.4142244883, 157573.52565795032, 163906.3004208789, 170319.57856866924, 176736.8473883688, 183170.9796214199, 189634.61830579833, 196110.34877829335, 202426.81966155447, 208882.18755510918, 215305.2715840558, 221746.57589576082, 228082.08403804243, 234554.44877919988, 240980.09645535063, 247492.63845306484, 253921.9249603321, 260337.54655471898, 266723.23658395925, 273196.5921924873, 279678.24151597935, 286168.12971217773, 292530.25432417606, 299055.5876719299, 305563.86494792195, 312018.4797147913, 318548.4268679389, 324966.7129721831, 331409.9602624376, 337945.9063090732, 344499.2705545834, 350805.83809570275, 357128.88717953855, 363453.3084844849, 369741.5703039913, 376126.84598841536, 382389.0595601823, 388669.7589655843, 394851.8975519915, 401078.7797251219, 407332.8060250054, 413549.52163388324, 419706.1051782268, 425830.11118498206, 431726.1773996119, 437812.6207427498, 443949.85907848587, 449814.81806847925, 455672.06315009017, 461447.5097789435, 467364.8024516364, 473166.22944633674, 478879.54155723366, 484734.83920073207, 490556.14676117856, 496299.59075165394, 502227.8861177001, 507989.22957678617, 513965.4153292076, 519618.07785919483, 525466.1677043106, 531174.9073674753, 536976.4618512676, 542628.9778570293, 548280.4830796764, 553952.0484962892, 559558.9336637084, 565004.5301729904, 570389.9968696231, 575662.2385277513, 581018.8706293149, 586193.6861565604, 591120.8372246989, 595986.0327380846, 600791.0758043561, 605270.8007013259], "etc-seg-exploit": [6381.880127220351, 12691.21128324701, 17914.401596302963, 23679.762877368474, 29350.817157047204, 35039.8822493935, 40641.41500332454, 46437.84625949049, 52341.55166131844, 58159.763292260184, 64112.894868809664, 70130.89619093754, 76105.45073113269, 82192.40750620444, 88268.64929475058, 94286.60389720844, 100491.64139248263, 106388.50561414493, 112304.43328013232, 118245.76865906968, 124242.33672945875, 129872.91502935662, 135546.07131316216, 141188.7560871771, 146642.4142244883, 151634.52565795032, 156484.3004208789, 161152.57856866924, 165419.8473883688, 168764.9796214199, 171470.61830579833, 173897.34877829335, 176078.81966155447, 178057.18755510918, 179820.2715840558, 181297.57589576082, 182284.08403804243, 183052.44877919988, 183770.09645535063, 184404.63845306484, 184895.9249603321, 185276.54655471898, 185620.23658395928, 185944.59219248735, 186232.24151597937, 186587.12971217776, 186905.25432417612, 187228.58767192997, 187481.864947922, 187763.47971479135, 188080.42686793898, 188328.71297218313, 188611.96026243764, 188912.9063090733, 189196.2705545835, 189429.83809570287, 189708.88717953864, 190059.30848448502, 190291.57030399144, 190509.8459884155, 190828.05956018245, 191111.75896558445, 191352.89755199171, 191553.77972512212, 191806.80602500564, 192079.52163388347, 192306.105178227, 192533.1111849823, 192850.17739961215, 193158.62074274998, 193390.8590784861, 193611.81806847945, 193838.06315009034, 194092.5097789437, 194352.80245163664, 194612.22944633698, 194853.54155723393, 195033.8392007323, 195331.1467611788, 195518.59075165415, 195783.88611770028, 196023.22957678637, 196293.41532920778, 196541.07785919504, 196756.16770431085, 196939.90736747553, 197165.4618512678, 197443.97785702956, 197711.4830796767, 197980.04849628944, 198242.93366370862, 198502.53017299066, 198718.9968696234, 198967.23852775164, 199244.87062931524, 199575.6861565607, 199734.83722469915, 199999.03273808485, 200220.07580435646, 200441.80070132622], "epsilon-greedy-explore": [6373.880127220351, 12616.21128324701, 16454.401596302963, 19024.762877368474, 21383.817157047204, 23702.8822493935, 25946.41500332454, 28115.846259490496, 30195.551661318437, 32282.763292260184, 34283.894868809664, 36305.896190937536, 38227.45073113268, 40213.40750620444, 42100.649294750576, 43982.60389720843, 45844.64139248263, 47639.50561414493, 49458.43328013232, 51234.768659069676, 52943.336729458744, 54630.915029356605, 56396.07131316216, 58017.756087177106, 59687.4142244883, 61275.525657950304, 62911.30042087889, 64505.57856866924, 66125.84738836878, 67701.97962141986, 69318.6183057983, 70895.34877829331, 72469.81966155443, 73945.18755510915, 75455.27158405578, 76950.57589576082, 78375.08403804243, 79818.4487791999, 81267.09645535066, 82679.63845306486, 84111.92496033212, 85462.54655471898, 86818.23658395928, 88164.59219248735, 89553.24151597939, 90935.12971217778, 92236.25432417612, 93579.58767192997, 94787.86494792199, 96060.47971479133, 97429.42686793895, 98731.7129721831, 99942.9602624376, 101179.90630907324, 102475.27055458343, 103656.83809570281, 104865.88717953858, 106054.30848448497, 107208.57030399138, 108403.84598841544, 109542.05956018239, 110748.7589655844, 111937.89755199166, 113151.77972512208, 114386.8060250056, 115559.52163388344, 116781.10517822696, 117950.11118498226, 119089.1773996121, 120238.62074274993, 121335.85907848604, 122382.8180684794, 123490.0631500903, 124659.50977894365, 125778.80245163658, 126932.22944633692, 128085.54155723387, 129107.83920073225, 130160.14676117875, 131273.59075165412, 132365.88611770025, 133460.22957678634, 134514.41532920775, 135510.077859195, 136559.16770431085, 137594.90736747553, 138693.4618512678, 139750.97785702956, 140739.4830796767, 141726.04849628944, 142726.93366370862, 143743.53017299066, 144753.9968696234, 145860.23852775164, 146823.87062931524, 147778.6861565607, 148838.83722469915, 149882.03273808485, 150923.07580435646, 151974.80070132622],