{"random": [6407.308446109817, 12819.001032506294, 19224.049109573767, 25534.31237515145, 31890.827137390217, 38263.59639344686, 44659.705880006564, 51039.18082709337, 57418.3707598517, 63758.973572491625, 70121.79911625719, 76485.36616270382, 82903.03839995064, 89272.66567844164, 95640.28606930512, 102033.44399449993, 108384.08207283106, 114830.01177056988, 121215.98003663665, 127613.06184037244, 133936.30928333916, 140328.28324243965, 146724.50557828706, 153118.39088045078, 159465.76010383852, 165852.7298656439, 172152.1068362125, 178550.0686512924, 184918.42757961957, 191282.31674704998, 197688.35728085873, 204063.11533331254, 210412.56569104418, 216803.05707402524, 223173.81002166186, 229516.4704811562, 235873.64028927142, 242246.80627844486, 248654.67741477946, 254986.44834349747, 261411.59189124304, 267793.0308872408, 274176.81081051903, 280577.4752866271, 286941.2424582814, 293323.9364111863, 299620.986305956, 306066.4425367093, 312442.75208868796, 318726.6953258886, 325118.55022083974, 331456.0556932995, 337760.9891766054, 344068.05155507074, 350459.7038239047, 356824.5390903451, 363198.3045215557, 369524.86894468707, 375894.31376911484, 382337.9154879504, 388716.8024617323, 395047.4738348556, 401383.6881818401, 407775.9151262823, 414184.1749277942, 420621.31753369095, 426985.78645656107, 433415.883749688, 439783.2782425222, 446240.50756701775, 452618.3230232156, 458975.24150874955, 465374.9582880617, 471710.4412654797, 478059.388785201, 484472.34472508536, 490833.94189562736, 497195.78870074067, 503543.50315413496, 509855.47691102175, 516235.50399696815, 522653.94772671757, 529087.0546920586, 535438.4786018885, 541765.5382398685, 548183.9387956455, 554524.3828389845, 560928.5380702119, 567293.8858925886, 573594.1049671242, 579975.0383433241, 586350.7031285805, 592774.2354694455, 599160.7899883459, 605582.389297874, 611966.0807097908, 618392.6249385801, 624778.3354669838, 631161.1048364841, 637504.583938137], "etc-seg-explore": [6333.308446109817, 12791.001032506294, 18134.049109573767, 24010.31237515145, 29371.827137390217, 35069.59639344686, 40690.705880006564, 46734.18082709337, 52537.3707598517, 58446.973572491625, 64157.799116257185, 70386.36616270382, 76488.03839995064, 82476.66567844164, 88629.28606930512, 94846.44399449993, 101064.08207283106, 107376.01177056988, 113613.98003663665, 119836.06184037244, 126149.30928333914, 132375.28324243962, 138752.50557828703, 145143.39088045075, 151513.7601038385, 157958.72986564387, 164368.10683621248, 170845.06865129236, 177283.42757961954, 183600.31674704995, 189893.3572808587, 196269.1153333125, 202676.56569104415, 209130.05707402522, 215495.81002166183, 221797.47048115617, 228210.6402892714, 234662.80627844483, 241093.67741477943, 247548.44834349744, 254094.591891243, 260544.03088724078, 267016.81081051903, 273545.4752866271, 280021.2424582814, 286560.9364111863, 293002.986305956, 299481.4425367093, 306001.75208868796, 312534.6953258886, 319015.55022083974, 325594.0556932995, 332126.9891766054, 338692.05155507074, 345170.7038239047, 351691.5390903451, 358077.3045215557, 364354.86894468707, 370590.31376911484, 376991.9154879504, 383344.8024617323, 389650.4738348556, 396022.6881818401, 402217.9151262823, 408440.1749277942, 414680.31753369095, 420814.78645656107, 427005.883749688, 433153.2782425222, 439141.50756701775, 445219.3230232156, 451158.24150874955, 457072.9582880617, 463027.4412654797, 468951.388785201, 474971.34472508536, 480858.94189562736, 486672.78870074067, 492633.50315413496, 498533.47691102175, 504458.50399696815, 510427.94772671757, 516474.0546920586, 522248.4786018886, 527922.5382398686, 533558.9387956456, 539065.3828389847, 544674.5380702121, 550302.8858925889, 555726.1049671244, 561131.0383433243, 566373.7031285807, 571737.2354694457, 577133.7899883462, 582253.3892978742, 587252.080709791, 592305.6249385803, 597108.3354669841, 601554.1048364843, 606253.5839381373], "etc-seg-exploit": [6382.308446109817, 12777.001032506294, 18260.049109573767, 24118.31237515145, 29511.827137390217, 35240.59639344686, 40847.705880006564, 46770.18082709337, 52305.3707598517, 58456.973572491625, 64386.799116257185, 70352.36616270382, 76385.03839995064, 82388.66567844164, 88148.28606930512, 94200.44399449993, 100296.08207283106, 106392.01177056988, 112359.98003663665, 118313.06184037244, 124198.30928333914, 129920.28324243962, 135695.50557828703, 141205.39088045075, 146526.7601038385, 151450.72986564387, 156054.10683621248, 160411.06865129236, 164187.42757961954, 167452.31674704995, 170419.3572808587, 172918.1153333125, 175216.56569104415, 177034.05707402522, 178445.81002166183, 179758.47048115617, 181034.6402892714, 182055.80627844483, 182771.67741477943, 183345.44834349744, 183907.591891243, 184464.03088724078, 184836.81081051903, 185214.4752866271, 185595.24245828146, 185928.93641118635, 186254.98630595603, 186485.44253670936, 186766.75208868802, 187081.69532588864, 187340.55022083982, 187616.05569329957, 187962.98917660545, 188321.05155507074, 188661.70382390468, 188967.5390903451, 189252.30452155575, 189547.8689446871, 189851.31376911487, 190142.91548795038, 190464.80246173232, 190785.47383485563, 191089.68818184017, 191422.91512628237, 191656.17492779426, 191915.317533691, 192134.78645656115, 192378.88374968807, 192644.27824252233, 192939.50756701786, 193207.32302321566, 193488.24150874963, 193714.9582880618, 194016.44126547984, 194212.3887852011, 194471.34472508545, 194727.94189562742, 195057.78870074076, 195279.50315413505, 195598.47691102183, 195871.50399696827, 196100.9477267177, 196361.0546920587, 196573.47860188867, 196900.53823986865, 197159.93879564563, 197444.3828389847, 197723.53807021203, 198038.8858925888, 198294.10496712435, 198550.03834332433, 198796.7031285807, 199051.23546944567, 199268.78998834617, 199531.38929787418, 199757.080709791, 200011.62493858024, 200218.33546698396, 200401.10483648424, 200677.58393813716], "epsilon-greedy-explore": [6377.308446109817, 12592.001032506294, 16334.049109573767, 18998.31237515145, 21428.827137390217, 23783.59639344686, 26057.705880006564, 28255.18082709337, 30399.3707598517, 32507.973572491625, 34586.799116257185, 36579.36616270383, 38570.03839995066, 40586.66567844165, 42538.286069305126, 44531.44399449994, 46479.082072831065, 48322.01177056989, 50068.980036636654, 51940.061840372444, 53689.30928333916, 55533.28324243964, 57290.505578287055, 59072.39088045079, 60875.760103838526, 62543.729865643916, 64287.10683621254, 65923.0686512924, 67576.4275796196, 69222.31674705, 70877.35728085876, 72454.11533331257, 74098.56569104422, 75725.05707402529, 77224.8100216619, 78793.47048115626, 80307.64028927148, 81756.80627844491, 83228.67741477954, 84702.44834349754, 86157.59189124312, 87567.0308872409, 89022.81081051913, 90420.4752866272, 91828.24245828154, 93241.93641118643, 94602.98630595612, 96011.44253670945, 97397.7520886881, 98706.69532588871, 100044.55022083988, 101369.05569329964, 102723.98917660554, 104017.05155507084, 105335.70382390478, 106523.53909034518, 107857.30452155582, 109114.86894468716, 110376.31376911493, 111565.91548795045, 112853.8024617324, 114105.47383485569, 115360.68818184023, 116608.91512628243, 117816.17492779432, 119071.31753369108, 120292.78645656123, 121492.88374968813, 122728.27824252238, 123914.5075670179, 125085.32302321572, 126093.24150874969, 127218.95828806187, 128410.4412654799, 129593.38878520115, 130731.3447250855, 131779.94189562747, 132940.7887007408, 134072.5031541351, 135209.4769110219, 136373.50399696833, 137456.94772671777, 138518.05469205877, 139658.47860188872, 140757.5382398687, 141762.9387956457, 142906.38283898475, 143996.5380702121, 145018.88589258885, 146061.1049671244, 147080.03834332438, 148098.70312858076, 149104.23546944573, 150198.78998834622, 151240.38929787424, 152322.08070979104, 153375.6249385803, 154420.33546698402, 155331.1048364843, 156294.58393813722],