{"random": [6358.383508036981, 12755.82548129346, 19194.188144673157, 25497.53642036427, 31820.83639006172, 38210.1722845288, 44481.93249248671, 50852.126809841095, 57198.06246497853, 63606.48468547722, 69938.54068321419, 76245.6513608745, 82589.96973809248, 88955.77945025727, 95276.82008379005, 101605.51630930774, 107934.46897529365, 114342.02773537635, 120703.92625664003, 127029.0176288958, 133364.23270512396, 139665.71499671353, 146058.77960979298, 152481.7898374643, 158829.583219917, 165199.67647571734, 171557.08713649426, 177912.15094736108, 184296.41718477893, 190643.02227386192, 197043.84949648904, 203412.13787845604, 209706.608666304, 216023.1410210137, 222333.89549403617, 228764.75547718935, 235175.83599157416, 241516.21203779124, 247848.1320867696, 254156.1234643011, 260527.03836415088, 266897.03789486724, 273261.3500849936, 279574.55138867145, 285914.04447495635, 292255.3756427136, 298574.3363130709, 304924.54242183873, 311283.70849561057, 317618.21996500023, 323972.34160057135, 330345.3219153581, 336651.58043949015, 343092.31311345776, 349413.5837624633, 355725.84315579734, 362028.44665038574, 368361.5733115854, 374805.37434579746, 381125.4410503183, 387477.53616314847, 393888.7183933596, 400229.03150538367, 406599.3443645539, 412931.73523352935, 419260.5827681287, 425622.2482762243, 431975.4517491954, 438363.58673867513, 444700.14169930224, 451034.4871271765, 457431.49254540907, 463766.9077850742, 470082.57161844266, 476439.0419694963, 482812.6883251274, 489146.41986596223, 495507.4201190482, 501855.3295649784, 508278.81607098045, 514653.19174349954, 521016.2817354787, 527429.7823554281, 533778.6523864939, 540162.6526478349, 546516.1431372066, 552853.2969931932, 559221.5963793225, 565575.0657454798, 571901.5389816535, 578293.6771504114, 584639.2507649211, 591012.7650695068, 597315.4546150588, 603692.8197760476, 610077.169564357, 616397.0034807561, 622746.0523394829, 629079.1795721457, 635408.6883224827], "etc-seg-explore": [6354.383508036981, 12776.82548129346, 18279.188144673157, 24031.53642036427, 29392.83639006172, 35184.1722845288, 40483.93249248671, 46205.126809841095, 52041.06246497853, 58089.48468547722, 64159.54068321419, 70111.6513608745, 76266.96973809248, 82151.77945025727, 88314.82008379005, 94412.51630930774, 100751.46897529365, 107033.02773537635, 113197.92625664003, 119459.0176288958, 125723.23270512396, 131977.71499671353, 138253.77960979298, 144587.7898374643, 150899.583219917, 157205.67647571734, 163554.08713649426, 169779.15094736108, 176210.41718477893, 182571.02227386192, 189025.84949648904, 195448.13787845604, 201780.608666304, 208136.1410210137, 214570.89549403617, 221051.75547718935, 227437.83599157416, 233829.21203779124, 240251.1320867696, 246709.1234643011, 253151.03836415088, 259591.03789486724, 266031.3500849936, 272431.55138867145, 278809.04447495635, 285329.3756427136, 291851.3363130709, 298302.54242183873, 304744.70849561057, 311182.21996500023, 317692.34160057135, 324166.3219153581, 330581.58043949015, 337119.31311345776, 343571.5837624633, 349925.84315579734, 356185.44665038574, 362249.5733115854, 368350.37434579746, 374449.4410503183, 380540.53616314847, 386631.7183933596, 392668.03150538367, 398787.3443645539, 404878.73523352935, 410974.5827681287, 417014.2482762243, 423055.4517491954, 429099.58673867513, 435160.14169930224, 441215.4871271765, 447182.49254540907, 453157.9077850742, 458960.57161844266, 464845.0419694963, 470568.6883251274, 476487.41986596223, 482434.4201190482, 488288.3295649784, 494160.81607098045, 500000.19174349954, 505850.2817354787, 511679.7823554281, 517569.65238649386, 523269.6526478349, 528864.1431372067, 534559.2969931933, 540119.5963793226, 545650.0657454799, 551129.5389816536, 556655.6771504115, 562034.2507649212, 567508.765069507, 572948.454615059, 578329.8197760477, 583595.1695643571, 588800.0034807562, 593919.052339483, 598808.1795721458, 603800.6883224829], "etc-seg-exploit": [6395.383508036981, 12741.82548129346, 18533.188144673157, 24050.53642036427, 29652.83639006172, 35047.1722845288, 40806.93249248671, 46523.126809841095, 52343.06246497853, 58387.48468547722, 64242.54068321419, 70085.6513608745, 76127.96973809248, 82102.77945025727, 88134.82008379005, 94235.51630930774, 100067.46897529365, 106334.02773537635, 112314.92625664003, 118448.0176288958, 124267.23270512396, 129915.71499671353, 135514.77960979298, 140890.7898374643, 146240.583219917, 151267.67647571734, 156001.08713649426, 160399.15094736108, 164324.41718477893, 167753.02227386192, 170619.84949648904, 172904.13787845604, 175043.608666304, 176816.1410210137, 178579.89549403617, 179946.75547718935, 181023.83599157416, 181901.21203779124, 182652.1320867696, 183272.1234643011, 183754.03836415088, 184328.03789486724, 184757.35008499355, 185160.55138867142, 185453.04447495632, 185831.37564271357, 186233.33631307085, 186581.5424218387, 186899.70849561054, 187201.21996500017, 187479.3416005713, 187772.321915358, 188049.58043949012, 188300.3131134577, 188611.58376246327, 188914.84315579728, 189138.44665038568, 189421.57331158535, 189614.37434579738, 189866.44105031822, 190157.53616314838, 190411.71839335954, 190713.03150538358, 190918.34436455384, 191194.7352335293, 191487.58276812863, 191688.24827622419, 191899.4517491953, 192083.58673867502, 192341.14169930216, 192590.4871271764, 192798.49254540895, 193074.9077850741, 193291.57161844257, 193545.04196949617, 193834.6883251273, 194120.41986596212, 194413.4201190481, 194583.32956497828, 194760.81607098028, 194961.1917434994, 195222.28173547855, 195448.78235542792, 195700.6523864937, 196002.6526478347, 196235.14313720644, 196447.29699319307, 196691.59637932232, 196870.0657454796, 197031.53898165328, 197200.67715041115, 197416.25076492087, 197593.7650695066, 197795.4546150586, 197986.8197760474, 198219.1695643568, 198484.00348075587, 198691.0523394828, 198921.1795721456, 199123.68832248266], "epsilon-greedy-explore": [6362.383508036981, 12641.82548129346, 16426.188144673157, 19069.53642036427, 21534.83639006172, 23862.172284528806, 26143.93249248671, 28274.126809841095, 30505.06246497853, 32732.484685477215, 34845.54068321419, 36921.65136087449, 38978.96973809247, 41044.77945025725, 43021.82008379004, 45041.51630930773, 46920.46897529364, 48834.02773537634, 50869.926256640014, 52770.01762889579, 54668.23270512394, 56519.71499671353, 58248.77960979296, 60053.78983746429, 61831.58321991698, 63587.676475717315, 65237.08713649422, 66893.15094736103, 68553.41718477888, 70177.02227386189, 71750.849496489, 73304.13787845598, 74965.60866630395, 76529.14102101362, 78129.8954940361, 79588.75547718928, 81081.83599157409, 82551.21203779118, 83958.13208676952, 85446.12346430104, 86821.0383641508, 88145.03789486716, 89536.35008499346, 90944.55138867132, 92226.04447495622, 93526.37564271348, 94818.33631307074, 96171.54242183859, 97460.70849561044, 98738.21996500008, 100059.3416005712, 101412.32191535791, 102726.58043949002, 104063.3131134576, 105317.58376246317, 106571.84315579719, 107840.4466503856, 109018.57331158526, 110175.37434579729, 111406.44105031813, 112613.5361631483, 113834.71839335945, 115040.0315053835, 116272.34436455376, 117490.73523352922, 118646.58276812856, 119881.24827622413, 121118.45174919523, 122242.58673867495, 123431.14169930207, 124673.48712717631, 125857.49254540887, 126992.907785074, 128121.57161844248, 129152.04196949609, 130266.68832512722, 131467.41986596203, 132644.420119048, 133820.3295649782, 134914.8160709802, 136070.1917434993, 137181.28173547846, 138222.78235542783, 139293.6523864936, 140403.65264783462, 141460.14313720635, 142520.29699319298, 143581.59637932223, 144645.06574547951, 145691.53898165323, 146823.6771504111, 147943.2507649208, 148959.76506950654, 149940.45461505855, 150991.81977604734, 151952.16956435674, 153034.0034807558, 154116.05233948273, 155151.17957214554, 156148.6883224826],