{"random": [6323.14744574782, 12701.221864582367, 19104.491393372533, 25499.74755323276, 31919.285837647403, 38291.28442657845, 44665.48936489744, 51011.46126779363, 57382.17149904215, 63749.284201227456, 70085.57147154145, 76480.34608327509, 82877.31008983335, 89199.95592067306, 95620.874659039, 101948.82965509716, 108311.75644083915, 114674.29669797364, 121026.7989914673, 127345.7590786588, 133674.02920210102, 140013.7634542001, 146346.55692547347, 152625.20486534433, 158991.50986416245, 165381.18876461938, 171724.07140258147, 178127.39739837442, 184453.56724810158, 190821.44780746114, 197160.60071812838, 203503.31627755117, 209834.67521989904, 216193.38534625742, 222523.40292683482, 228855.3308473307, 235248.00431582806, 241616.1253295673, 247936.74711262554, 254297.1638681527, 260637.09548832782, 266946.75377206085, 273304.3558130141, 279656.79753087054, 286020.3878654961, 292365.1818823639, 298796.45357045776, 305226.56332363945, 311532.88216274016, 317933.51982278755, 324328.0606987587, 330699.79086244816, 337111.1951602443, 343516.4188444621, 349862.6840229549, 356301.1238375597, 362661.4658461756, 369033.81517599797, 375377.68570406036, 381714.955708795, 388065.2982782111, 394446.94949217536, 400831.73853000265, 407156.2149099957, 413504.88268769934, 419791.6747193283, 426188.1669397402, 432548.0482084073, 438911.3703480812, 445291.60784105916, 451621.4513498643, 457971.2476303349, 464310.3426040085, 470608.5610922946, 476996.3573221266, 483400.377166687, 489727.07474768476, 496049.4785309903, 502453.0473711911, 508810.828558156, 515181.36682111217, 521591.5495865792, 527938.8680041127, 534220.0580322804, 540576.819162861, 546938.4869516856, 553301.519265914, 559695.0108031144, 566061.3802325816, 572427.4362340622, 578792.0605683194, 585081.6236552658, 591421.761473573, 597762.4998493188, 604073.6004910581, 610394.4281259979, 616744.2312812792, 623100.2761473721, 629450.6454306587, 635810.4321757199], "etc-seg-explore": [6340.14744574782, 12638.221864582367, 17922.491393372533, 23430.74755323276, 29163.285837647403, 34877.28442657845, 40614.48936489744, 46594.46126779363, 52450.17149904215, 58326.284201227456, 64332.57147154144, 70325.34608327507, 76394.31008983334, 82404.95592067305, 88585.87465903898, 94717.82965509713, 100825.75644083912, 107000.29669797361, 113218.79899146727, 119434.75907865877, 125610.029202101, 131924.76345420006, 138215.55692547344, 144522.2048653443, 150883.50986416242, 157356.18876461935, 163658.07140258144, 170027.3973983744, 176428.56724810155, 182788.4478074611, 189189.60071812835, 195559.31627755114, 201998.675219899, 208447.3853462574, 214846.4029268348, 221302.33084733068, 227681.00431582803, 234047.12532956726, 240426.7471126255, 246858.16386815268, 253328.0954883278, 259807.75377206085, 266246.3558130141, 272692.79753087054, 279270.3878654961, 285646.1818823639, 292118.45357045776, 298571.56332363945, 305022.88216274016, 311554.51982278755, 318024.0606987587, 324480.79086244816, 330768.1951602443, 337189.4188444621, 343540.6840229549, 349931.1238375597, 356107.4658461756, 362318.81517599797, 368459.68570406036, 374602.955708795, 380798.2982782111, 387045.94949217536, 393162.73853000265, 399341.2149099957, 405474.88268769934, 411556.6747193283, 417760.1669397402, 423871.0482084073, 429967.3703480812, 436027.60784105916, 442011.4513498643, 448083.2476303349, 454163.3426040085, 460258.5610922946, 466181.3573221266, 472207.377166687, 477954.07474768476, 483578.4785309903, 489442.0473711911, 495216.828558156, 501001.36682111217, 506730.5495865792, 512449.86800411274, 518124.05803228036, 523915.819162861, 529603.4869516856, 535033.519265914, 540558.0108031144, 546041.3802325816, 551632.4362340622, 557251.0605683194, 562732.6236552658, 567895.761473573, 572957.4998493188, 577745.6004910581, 582339.4281259979, 586862.2312812792, 591384.2761473721, 595874.6454306587, 600168.4321757199], "etc-seg-exploit": [6313.14744574782, 12645.221864582367, 18180.491393372533, 24038.74755323276, 29541.285837647403, 35104.28442657845, 40747.48936489744, 46701.46126779363, 52255.17149904215, 58306.284201227456, 64286.57147154144, 70413.34608327507, 76477.31008983334, 82384.95592067305, 88448.87465903898, 94486.82965509713, 100538.75644083912, 106547.29669797361, 112568.79899146727, 118652.75907865877, 124469.029202101, 130368.76345420005, 135916.55692547341, 141185.20486534428, 146318.5098641624, 151171.18876461932, 155716.0714025814, 159981.39739837436, 163706.56724810152, 167110.44780746108, 170009.60071812832, 172443.31627755112, 174356.67521989899, 176129.38534625736, 177649.40292683477, 179046.33084733065, 180190.004315828, 181057.12532956724, 181836.74711262548, 182576.16386815265, 183144.09548832776, 183658.75377206082, 184041.35581301403, 184397.79753087048, 184771.38786549607, 185122.18188236392, 185414.45357045776, 185739.56332363945, 186088.88216274016, 186389.51982278758, 186687.06069875872, 186985.7908624482, 187314.1951602443, 187582.4188444621, 187785.6840229549, 188045.1238375597, 188360.46584617556, 188634.81517599794, 188935.6857040603, 189228.95570879494, 189526.29827821103, 189795.9494921753, 190118.7385300026, 190384.21490999562, 190681.88268769928, 190899.67471932826, 191209.16693974016, 191568.04820840724, 191891.37034808117, 192202.6078410591, 192513.45134986425, 192770.24763033487, 193042.34260400845, 193254.56109229455, 193504.3573221266, 193784.37716668696, 194029.07474768476, 194290.47853099034, 194562.0473711911, 194797.828558156, 195144.36682111223, 195422.5495865793, 195691.8680041128, 195981.05803228045, 196319.81916286107, 196561.48695168569, 196822.519265914, 197067.0108031144, 197326.3802325817, 197656.43623406222, 197863.0605683194, 198197.62365526575, 198394.76147357307, 198626.49984931882, 198849.6004910581, 199109.42812599786, 199371.23128127915, 199669.27614737206, 199945.6454306587, 200190.43217571988], "epsilon-greedy-explore": [6310.14744574782, 12482.221864582367, 16425.491393372533, 19184.74755323276, 21790.285837647403, 24224.284426578448, 26652.489364897436, 29065.461267793627, 31339.171499042146, 33486.28420122745, 35630.571471541436, 37726.34608327507, 39821.31008983333, 41802.95592067304, 43841.874659038964, 45836.82965509712, 47750.75644083912, 49646.29669797361, 51465.798991467265, 53270.75907865876, 55047.02920210099, 56854.76345420004, 58539.55692547341, 60229.20486534426, 61932.509864162384, 63606.18876461932, 65199.0714025814, 66807.39739837435, 68411.5672481015, 69927.44780746108, 71504.60071812832, 73005.3162775511, 74524.67521989899, 75989.38534625735, 77425.40292683475, 78902.33084733062, 80354.00431582797, 81780.12532956722, 83172.74711262545, 84586.16386815262, 85901.09548832774, 87182.7537720608, 88563.355813014, 89911.79753087046, 91253.38786549606, 92544.18188236389, 93857.45357045773, 95212.5633236394, 96488.88216274012, 97750.51982278754, 98956.06069875867, 100215.79086244814, 101398.19516024426, 102629.41884446205, 103761.68402295484, 104931.12383755963, 106127.46584617552, 107303.81517599788, 108552.68570406026, 109793.95570879488, 110945.29827821096, 112097.94949217522, 113280.73853000252, 114395.21490999553, 115530.88268769921, 116682.67471932819, 117862.16693974007, 119034.04820840717, 120142.3703480811, 121319.60784105903, 122513.45134986418, 123705.24763033478, 124891.34260400836, 126047.56109229445, 127182.3573221265, 128269.37716668686, 129391.07474768464, 130487.4785309902, 131596.04737119097, 132773.8285581559, 133857.3668211121, 134905.54958657917, 135989.86800411268, 137148.05803228033, 138164.81916286095, 139178.48695168557, 140184.51926591387, 141183.01080311427, 142276.38023258158, 143297.4362340621, 144324.06056831928, 145386.62365526563, 146349.76147357296, 147400.4998493187, 148517.600491058, 149517.42812599774, 150499.23128127903, 151566.27614737194, 152601.6454306586, 153611.43217571976],