{"random": [6410.163215447867, 12709.637085082672, 19087.491507659975, 25422.260188295208, 31741.319756130302, 38042.01173513934, 44438.623925177046, 50823.24708484132, 57117.95784395573, 63529.82020779062, 69905.5995285697, 76288.5472269356, 82649.11787224126, 89006.02091682711, 95391.5743214255, 101822.35924081755, 108244.80705342228, 114625.6202762062, 121011.13389329487, 127358.25086748732, 133765.41341344328, 140134.68407829266, 146515.80061208684, 152891.43264621592, 159273.32825874878, 165649.61511012493, 172004.84899815693, 178369.7546291931, 184763.91900489523, 191153.65065040835, 197493.1558063554, 203897.33603212985, 210258.9105318927, 216672.0680787593, 222994.9340647456, 229343.96256424184, 235735.57098824307, 242093.42673970878, 248450.1846438608, 254746.10511005778, 261213.5574632481, 267575.04947250703, 274076.0680954517, 280443.5440842884, 286798.18066546734, 293163.9781816535, 299499.2081871985, 305862.8035628767, 312242.2924604069, 318593.76458569977, 325009.83268448774, 331317.0985644474, 337696.648915801, 344136.64483999443, 350550.7850597765, 356866.61136594997, 363240.4620957274, 369630.15644619113, 375995.3701717236, 382314.7852680356, 388761.8893122892, 395101.4753186157, 401447.11257818405, 407799.74248393124, 414118.6815295859, 420514.9440665598, 426918.5907818183, 433273.91442387993, 439559.3428026021, 445937.4221854365, 452313.16087396146, 458684.6662240529, 465015.8114831412, 471374.9496122415, 477786.80048473645, 484169.737220123, 490530.37019457255, 496880.74940678885, 503207.2508043308, 509571.5124007601, 515964.03075222304, 522372.31953778234, 528686.7399763454, 535077.6814339347, 541438.8431623044, 547770.6933989716, 554134.9841453128, 560555.1764441822, 566913.7977926235, 573296.9413573366, 579667.1195856582, 586032.0751145335, 592387.8328393769, 598748.4160977703, 605113.9296190056, 611510.4715768051, 617899.4694670431, 624326.1476958626, 630719.6463845596, 637127.7750003489], "etc-seg-explore": [6383.163215447867, 12758.637085082672, 18638.491507659975, 23957.260188295208, 29596.319756130302, 35053.01173513934, 40743.623925177046, 46700.24708484132, 52384.95784395573, 58378.82020779062, 64238.5995285697, 70025.5472269356, 76166.11787224126, 82307.02091682711, 88462.5743214255, 94663.35924081755, 100777.80705342228, 107033.6202762062, 113356.13389329487, 119698.25086748732, 125928.41341344327, 132299.68407829266, 138662.80061208684, 145019.43264621592, 151434.32825874878, 157766.61511012493, 164143.84899815693, 170538.7546291931, 176877.91900489523, 183304.65065040835, 189681.1558063554, 196028.33603212985, 202445.9105318927, 208890.0680787593, 215324.9340647456, 221602.96256424184, 228046.57098824307, 234492.42673970878, 240970.1846438608, 247413.10511005778, 253861.5574632481, 260285.04947250706, 266748.0680954517, 273286.5440842884, 279854.18066546734, 286316.9781816535, 292794.2081871985, 299213.8035628767, 305749.2924604069, 312148.76458569977, 318695.83268448774, 325136.0985644474, 331682.648915801, 338225.64483999443, 344653.7850597765, 351072.61136594997, 357615.4620957274, 364134.15644619113, 370518.3701717236, 376952.7852680356, 383374.8893122892, 389562.4753186157, 395580.11257818405, 401715.74248393124, 407834.6815295859, 413844.9440665598, 419986.5907818183, 425790.91442387993, 431611.3428026021, 437294.4221854365, 443210.16087396146, 449000.6662240529, 454761.8114831412, 460535.9496122415, 466377.80048473645, 472185.737220123, 477862.37019457255, 483668.74940678885, 489589.2508043308, 495361.5124007601, 501186.03075222304, 506969.31953778234, 512802.7399763455, 518646.6814339348, 524470.8431623044, 530248.6933989716, 535816.9841453128, 541518.1764441822, 547122.7977926235, 552689.9413573366, 558379.1195856582, 563777.0751145335, 568997.8328393769, 574006.4160977703, 579008.9296190056, 584083.4715768051, 588800.4694670431, 593474.1476958626, 597833.6463845596, 601849.7750003489], "etc-seg-exploit": [6379.163215447867, 12748.637085082672, 17966.491507659975, 23543.260188295208, 29345.319756130302, 34944.01173513934, 40786.623925177046, 46803.24708484132, 52530.95784395573, 58284.82020779062, 64076.5995285697, 69924.5472269356, 75862.11787224126, 82169.02091682711, 88363.5743214255, 94549.35924081755, 100736.80705342228, 106754.6202762062, 112908.13389329487, 119055.25086748732, 125019.41341344327, 130737.68407829266, 136356.80061208684, 141678.43264621592, 146789.32825874878, 151830.61511012493, 156378.84899815693, 160465.7546291931, 164191.91900489523, 167446.65065040835, 170344.1558063554, 172897.33603212985, 175176.9105318927, 177240.0680787593, 178987.9340647456, 180540.96256424184, 181969.57098824307, 183159.42673970878, 184174.1846438608, 184838.10511005778, 185305.5574632481, 185719.04947250706, 186119.06809545172, 186451.54408428847, 186762.18066546743, 187108.97818165354, 187477.20818719856, 187774.8035628768, 188143.29246040698, 188485.76458569986, 188739.83268448783, 189022.09856444751, 189275.6489158011, 189539.64483999452, 189873.78505977662, 190184.6113659501, 190487.46209572756, 190793.15644619128, 191027.37017172377, 191217.78526803575, 191503.8893122893, 191785.4753186158, 192077.11257818417, 192344.74248393136, 192638.68152958606, 192897.94406655995, 193115.59078181852, 193377.91442388017, 193637.34280260233, 193917.42218543668, 194193.16087396163, 194435.6662240531, 194725.81148314138, 194978.94961224162, 195221.8004847366, 195534.73722012315, 195817.3701945727, 196122.74940678902, 196377.250804331, 196641.51240076032, 196939.03075222328, 197188.31953778255, 197450.7399763457, 197687.68143393498, 198011.8431623046, 198212.69339897187, 198488.98414531304, 198723.17644418238, 198921.7977926237, 199174.9413573368, 199420.11958565837, 199755.07511453374, 200040.83283937705, 200336.41609777045, 200588.9296190058, 200876.4715768053, 201124.4694670433, 201375.14769586278, 201618.64638455983, 201858.7750003492], "epsilon-greedy-explore": [6405.163215447867, 12350.637085082672, 16150.491507659975, 18703.260188295208, 21086.319756130302, 23444.01173513934, 25716.623925177042, 27842.247084841314, 29957.957843955723, 32086.820207790613, 34126.5995285697, 36123.5472269356, 38160.117872241266, 40176.020916827125, 42175.57432142551, 44143.359240817554, 46136.807053422286, 48077.6202762062, 49890.13389329487, 51745.250867487324, 53488.413413443275, 55240.68407829266, 56976.80061208684, 58755.43264621593, 60522.32825874878, 62231.615110124934, 63931.848998156944, 65633.75462919312, 67311.91900489524, 69006.65065040835, 70613.15580635543, 72264.33603212985, 73819.9105318927, 75396.06807875929, 76951.9340647456, 78562.96256424183, 80013.57098824304, 81507.42673970875, 82979.18464386075, 84479.10511005775, 85960.55746324807, 87433.04947250705, 88800.06809545169, 90194.54408428843, 91598.18066546739, 92998.9781816535, 94448.2081871985, 95834.80356287674, 97147.29246040693, 98548.7645856998, 99874.83268448777, 101148.09856444746, 102411.64891580105, 103733.64483999445, 105146.78505977655, 106488.61136595004, 107759.46209572747, 109095.1564461912, 110401.37017172368, 111621.78526803567, 112855.88931228925, 114146.47531861572, 115362.11257818411, 116567.7424839313, 117757.68152958599, 118921.94406655987, 120131.59078181844, 121245.91442388008, 122416.34280260224, 123590.42218543659, 124731.16087396155, 125903.66622405301, 127110.8114831413, 128312.94961224154, 129508.80048473651, 130743.73722012306, 131898.3701945726, 133094.74940678893, 134254.25080433092, 135404.51240076023, 136549.0307522232, 137642.31953778246, 138841.73997634562, 139905.6814339349, 141003.84316230452, 142133.69339897178, 143226.98414531295, 144336.1764441823, 145475.7977926236, 146615.9413573367, 147781.11958565828, 148831.07511453365, 149877.83283937696, 150955.41609777036, 152031.9296190057, 153120.47157680523, 154129.4694670432, 155157.1476958627, 156247.64638455975, 157303.77500034912],