{"random": [6398.878899731273, 12822.52206080316, 19132.660743700748, 25448.46730550052, 31879.06615961651, 38245.500140744036, 44572.573513887284, 50955.3364558138, 57351.101612977065, 63654.31973627778, 70048.37069662966, 76412.50069043171, 82780.70290844758, 89162.95947501171, 95514.53350083582, 101931.23087290577, 108236.40392552744, 114636.02541967948, 121040.47777988373, 127378.31842145082, 133739.8811802938, 140121.23056418437, 146507.21408854524, 152898.86145434616, 159292.38808094687, 165668.17899436184, 172033.58797427267, 178480.07499507655, 184886.06200898738, 191261.94862024975, 197622.26751786674, 203944.01653430102, 210376.36910284942, 216768.95724973574, 223194.60040550842, 229603.2207597457, 235916.90131577707, 242278.49555057738, 248632.44943709177, 255080.85232474466, 261434.9644077252, 267833.8592274705, 274207.85029813094, 280556.7607364554, 286949.058667497, 293292.8912345095, 299749.11758250906, 306178.3448893102, 312512.2946248542, 318884.8926565599, 325287.16146647115, 331747.3193301943, 338102.9015512966, 344407.8415102237, 350767.5995223185, 357142.940072902, 363514.98587605404, 369962.789670188, 376384.1775446344, 382786.40797397285, 389141.87746923894, 395558.74547218997, 401966.96953499306, 408373.47095950757, 414758.94042718445, 421209.43624245207, 427594.64657579473, 433993.48897016514, 440373.24231147155, 446783.88790002454, 453146.91730409994, 459520.6090557499, 465862.4858618247, 472250.9380197417, 478635.9067425595, 484973.5250446916, 491292.9711694162, 497600.66672257864, 504005.69338298, 510338.55224530806, 516704.32898319885, 523084.11396089464, 529478.8425466609, 535830.1442686616, 542189.8470678645, 548607.0261967103, 554994.7808547559, 561325.1120422933, 567673.2306171441, 574035.5634037158, 580405.8539209821, 586791.0148413697, 593204.5279602695, 599589.7783262865, 605946.785472095, 612332.1653347986, 618751.9188183869, 625073.0999943377, 631470.8368356866, 637826.2400307754], "etc-seg-explore": [6363.878899731273, 12777.52206080316, 18319.660743700748, 23810.46730550052, 29588.06615961651, 35234.500140744036, 40935.573513887284, 46816.3364558138, 52805.101612977065, 58659.31973627778, 64657.37069662966, 70674.50069043171, 76873.70290844758, 82967.95947501171, 89120.53350083582, 95347.23087290577, 101257.40392552744, 107717.02541967948, 113931.47777988373, 120185.31842145082, 126430.8811802938, 132683.23056418437, 139114.21408854524, 145540.86145434616, 151833.38808094687, 158193.17899436184, 164604.58797427267, 170924.07499507655, 177385.06200898738, 183697.94862024975, 190149.26751786674, 196426.01653430102, 202928.36910284942, 209360.95724973574, 215694.60040550842, 222103.2207597457, 228524.90131577707, 235022.49555057738, 241543.44943709177, 248059.85232474466, 254571.9644077252, 261054.85922747047, 267555.85029813094, 273944.7607364554, 280449.058667497, 286880.8912345095, 293387.11758250906, 299839.3448893102, 306282.2946248542, 312797.8926565599, 319383.16146647115, 325847.3193301943, 332120.9015512966, 338425.8415102237, 344762.5995223185, 351135.940072902, 357499.98587605404, 363836.789670188, 370166.1775446344, 376545.40797397285, 382911.87746923894, 389294.74547218997, 395544.96953499306, 401776.47095950757, 407865.94042718445, 414062.43624245207, 420209.64657579473, 426287.48897016514, 432473.24231147155, 438561.88790002454, 444744.91730409994, 450737.6090557499, 456560.4858618247, 462486.9380197417, 468322.9067425595, 474240.5250446916, 480062.9711694162, 485958.66672257864, 491850.69338298, 497790.55224530806, 503663.32898319885, 509579.11396089464, 515446.842546661, 521497.1442686616, 527440.8470678645, 533330.0261967103, 538921.7808547559, 544585.1120422933, 550007.2306171441, 555512.5634037158, 560999.8539209821, 566369.0148413697, 571660.5279602695, 576755.7783262865, 581965.785472095, 586934.1653347986, 591878.9188183869, 596553.0999943377, 600948.8368356866, 605148.2400307754], "etc-seg-exploit": [6382.878899731273, 12801.52206080316, 18471.660743700748, 24356.46730550052, 29870.06615961651, 35457.500140744036, 41015.573513887284, 46951.3364558138, 52783.101612977065, 58728.31973627778, 64381.37069662966, 70403.50069043171, 76405.70290844758, 82608.95947501171, 88548.53350083582, 94668.23087290577, 100807.40392552744, 106948.02541967948, 113124.47777988373, 119310.31842145082, 125586.8811802938, 131293.23056418437, 136883.21408854524, 142274.86145434616, 147363.38808094687, 152345.17899436184, 156940.58797427267, 160976.07499507655, 164802.06200898738, 168408.94862024975, 171577.26751786674, 174347.01653430102, 176517.36910284942, 178385.95724973574, 180017.60040550842, 181418.2207597457, 182421.90131577707, 183305.49555057738, 184059.44943709177, 184575.85232474466, 185106.9644077252, 185514.85922747047, 185949.85029813094, 186315.76073645538, 186621.058667497, 186968.89123450947, 187279.11758250906, 187585.3448893102, 187905.29462485426, 188242.89265655988, 188527.16146647118, 188881.31933019438, 189160.90155129664, 189423.84151022378, 189728.5995223186, 190058.94007290207, 190272.98587605412, 190540.78967018807, 190851.17754463447, 191093.40797397296, 191409.8774692391, 191697.74547219012, 191969.96953499323, 192203.47095950774, 192453.9404271846, 192735.4362424522, 193019.64657579488, 193338.48897016526, 193610.24231147167, 193840.88790002465, 194135.91730410003, 194354.60905574996, 194581.4858618248, 194801.93801974176, 195090.90674255957, 195344.5250446916, 195625.9711694162, 195866.66672257864, 196141.69338298, 196415.55224530806, 196631.32898319885, 196830.11396089464, 197106.84254666098, 197393.14426866165, 197606.8470678645, 197882.02619671027, 198037.78085475593, 198252.11204229336, 198536.23061714417, 198739.56340371585, 199022.85392098213, 199263.0148413697, 199502.52796026948, 199773.77832628644, 200025.78547209498, 200200.1653347986, 200363.91881838685, 200595.0999943377, 200846.8368356866, 201080.2400307755], "epsilon-greedy-explore": [6337.878899731273, 12651.52206080316, 16493.660743700748, 18946.46730550052, 21285.06615961651, 23637.500140744036, 25899.573513887284, 28120.336455813795, 30164.101612977065, 32163.31973627778, 34110.37069662966, 36078.50069043171, 37976.70290844757, 39951.959475011696, 41795.53350083581, 43631.230872905755, 45409.403925527426, 47152.02541967946, 48830.47777988371, 50522.31842145081, 52185.881180293785, 53798.230564184356, 55425.21408854523, 57010.86145434614, 58611.38808094685, 60212.178994361806, 61745.58797427264, 63198.0749950765, 64703.06200898734, 66260.9486202497, 67672.2675178667, 69216.01653430099, 70688.36910284938, 72086.9572497357, 73472.60040550839, 74877.22075974566, 76280.90131577702, 77623.49555057733, 78997.44943709171, 80335.8523247446, 81694.96440772514, 83057.8592274704, 84407.85029813086, 85711.7607364553, 87067.05866749692, 88336.8912345094, 89639.11758250899, 90966.34488931012, 92264.29462485418, 93610.89265655982, 94870.16146647112, 96131.31933019431, 97307.90155129659, 98506.8415102237, 99787.59952231855, 101008.94007290203, 102211.98587605408, 103473.78967018802, 104698.17754463441, 105934.4079739729, 107196.87746923903, 108407.74547219007, 109576.96953499319, 110753.4709595077, 111965.94042718456, 113119.43624245217, 114285.64657579485, 115473.48897016524, 116606.24231147167, 117732.88790002467, 118865.91730410006, 120044.60905575, 121175.48586182483, 122317.93801974179, 123449.90674255961, 124598.52504469166, 125662.97116941628, 126726.66672257871, 127839.6933829801, 129002.55224530815, 130109.32898319892, 131207.1139608947, 132173.84254666104, 133263.1442686617, 134343.84706786455, 135349.02619671033, 136417.78085475598, 137491.11204229342, 138591.23061714423, 139638.5634037159, 140698.8539209822, 141698.01484136976, 142723.52796026954, 143725.7783262865, 144791.78547209504, 145782.16533479866, 146786.9188183869, 147874.09999433777, 148815.83683568667, 149822.24003077555],