{"random": [6394.4675012742355, 12768.88315057935, 19152.1611888093, 25596.132294018964, 32011.5226010378, 38359.541183382564, 44710.342314511065, 51104.39830175566, 57518.17664401761, 63948.3740925911, 70342.40937607057, 76744.61125882776, 83178.41310777982, 89516.29932829774, 95904.76996814694, 102232.50627682729, 108564.56745587262, 114955.88478824563, 121333.97435104211, 127756.22582505988, 134180.62503653782, 140565.7100304202, 146981.22021115295, 153399.8968944259, 159798.86615723727, 166141.89150245668, 172550.52543459026, 178946.28525837173, 185358.7994401909, 191773.98770902288, 198204.55126273344, 204644.5104928427, 211088.98621155502, 217459.15555450873, 223823.36668039762, 230261.8922992706, 236616.31642399155, 243004.84507788275, 249415.34160973295, 255827.56558032378, 262265.0512610313, 268639.77152043686, 274991.42506554717, 281419.3316810886, 287787.41786706017, 294243.08158133324, 300627.91129949945, 307052.43577449804, 313432.26529409236, 319811.0475372306, 326189.1718599653, 332631.8197375926, 339062.678228065, 345432.78248284303, 351860.9146577106, 358296.83539413125, 364664.2113544437, 371085.7573270574, 377503.88486766047, 383904.9649067747, 390292.64150374295, 396744.70283229474, 403191.81654676, 409669.125365402, 416013.8032469631, 422401.3933909417, 428773.9337589846, 435196.7827579481, 441617.42407471896, 448027.1671794832, 454440.360215613, 460821.87879046705, 467153.6766899592, 473545.308140593, 479978.9413853608, 486356.94818990846, 492830.40360890166, 499240.7765556998, 505613.16093240294, 511999.1097485445, 518406.63131490233, 524768.9665254544, 531187.3423923975, 537578.2906935773, 543967.8620708679, 550395.9830835828, 556797.0695909775, 563207.9456294074, 569562.7321503543, 575895.5222226762, 582270.3860067265, 588687.4028821609, 595080.1993891794, 601475.900722693, 607869.4790596976, 614261.7943759912, 620656.0288557963, 626995.3993752274, 633400.2363400966, 639748.1805593388], "etc-seg-explore": [6397.4675012742355, 12783.88315057935, 18310.1611888093, 24036.132294018964, 29666.5226010378, 35394.541183382564, 40917.342314511065, 46684.39830175566, 52592.17664401761, 58387.3740925911, 64408.40937607057, 70346.61125882776, 76397.41310777982, 82183.29932829774, 88309.76996814694, 94476.50627682729, 100823.56745587262, 107064.88478824563, 113376.97435104211, 119710.22582505988, 126100.62503653782, 132466.7100304202, 138891.22021115295, 145246.8968944259, 151655.86615723727, 157978.89150245668, 164249.52543459026, 170615.28525837173, 177035.7994401909, 183397.98770902288, 189855.55126273344, 196332.5104928427, 202796.98621155502, 209201.15555450873, 215677.36668039762, 222117.8922992706, 228561.31642399155, 234861.84507788275, 241294.34160973295, 247762.56558032378, 254271.0512610313, 260665.77152043686, 267214.42506554717, 273811.3316810886, 280318.41786706017, 286862.08158133324, 293337.91129949945, 299798.43577449804, 306308.26529409236, 312694.0475372306, 318978.1718599653, 325266.8197375926, 331658.678228065, 338034.78248284303, 344375.9146577106, 350780.83539413125, 357152.2113544437, 363479.7573270574, 369922.88486766047, 376259.9649067747, 382563.64150374295, 388912.70283229474, 395333.81654676, 401764.125365402, 408104.8032469631, 414252.3933909417, 420674.9337589846, 427086.7827579481, 433146.42407471896, 439164.1671794832, 445134.360215613, 451084.87879046705, 456977.6766899592, 462829.308140593, 468734.9413853608, 474620.94818990846, 480482.40360890166, 486482.7765556998, 492379.16093240294, 498301.1097485445, 504121.63131490233, 509992.9665254544, 515900.34239239746, 521801.2906935773, 527647.8620708679, 533617.9830835828, 539526.0695909775, 545382.9456294074, 551213.7321503543, 556876.5222226762, 562377.3860067265, 567760.4028821609, 572971.1993891794, 578080.900722693, 583014.4790596976, 587991.7943759912, 592632.0288557963, 597276.3993752274, 601999.2363400966, 606201.1805593388], "etc-seg-exploit": [6418.4675012742355, 12854.88315057935, 18457.1611888093, 24297.132294018964, 30051.5226010378, 35551.541183382564, 41313.342314511065, 47054.39830175566, 52819.17664401761, 58677.3740925911, 64706.40937607057, 70671.61125882776, 76787.41310777982, 82755.29932829774, 88859.76996814694, 94739.50627682729, 100886.56745587262, 107059.88478824563, 113274.97435104211, 119484.22582505988, 125592.62503653782, 131438.7100304202, 137306.22021115295, 142615.8968944259, 147801.86615723727, 152549.89150245668, 157143.52543459026, 161250.28525837173, 164793.7994401909, 167943.98770902288, 170911.55126273344, 173384.5104928427, 175525.98621155502, 177422.15555450873, 179121.36668039762, 180587.8922992706, 181833.31642399155, 182666.84507788275, 183302.34160973295, 183907.56558032378, 184418.0512610313, 184769.77152043686, 185141.4250655472, 185524.33168108863, 185809.41786706017, 186180.08158133324, 186479.91129949948, 186863.43577449807, 187174.26529409236, 187577.04753723057, 187935.1718599653, 188324.81973759262, 188661.67822806502, 189016.782482843, 189298.9146577106, 189581.83539413128, 189869.21135444375, 190182.7573270575, 190432.88486766056, 190767.9649067748, 191069.64150374307, 191397.7028322949, 191667.81654676015, 191946.1253654022, 192241.80324696333, 192518.39339094193, 192805.9337589848, 193170.78275794824, 193504.4240747191, 193684.1671794834, 193936.36021561318, 194212.87879046728, 194499.67668995942, 194782.3081405932, 195045.94138536102, 195299.9481899087, 195552.4036089019, 195814.77655570005, 195980.16093240317, 196229.10974854475, 196532.63131490254, 196852.9665254546, 197141.3423923976, 197418.29069357744, 197713.86207086808, 197953.983083583, 198213.06959097768, 198483.94562940762, 198770.7321503545, 198916.52222267643, 199228.3860067268, 199448.4028821611, 199735.19938917962, 200036.9007226932, 200270.4790596979, 200569.79437599154, 200797.02885579664, 201052.39937522772, 201327.23634009692, 201553.18055933906], "epsilon-greedy-explore": [6456.4675012742355, 12632.88315057935, 16400.1611888093, 18966.132294018964, 21395.5226010378, 23644.54118338256, 25854.34231451106, 27997.398301755653, 30190.1766440176, 32298.37409259109, 34329.409376070565, 36366.611258827754, 38265.41310777982, 40195.29932829774, 42047.76996814694, 43881.50627682729, 45675.56745587261, 47453.884788245625, 49254.9743510421, 50980.22582505987, 52629.62503653781, 54304.710030420174, 55975.220211152926, 57595.896894425896, 59216.86615723725, 60794.891502456674, 62326.525434590265, 63881.285258371725, 65373.79944019088, 66966.98770902285, 68478.55126273342, 70034.51049284267, 71559.986211555, 73020.15555450872, 74562.3666803976, 75979.89229927056, 77475.31642399149, 78935.84507788268, 80360.34160973287, 81859.56558032369, 83264.05126103121, 84684.77152043677, 86058.42506554711, 87469.33168108854, 88935.4178670601, 90229.08158133319, 91488.91129949942, 92754.43577449801, 93980.26529409231, 95253.04753723052, 96542.17185996527, 97889.81973759258, 99109.67822806498, 100294.78248284296, 101496.91465771054, 102711.83539413124, 103962.2113544437, 105267.75732705745, 106472.8848676605, 107700.96490677474, 108940.641503743, 110144.7028322948, 111305.81654676005, 112538.1253654021, 113717.80324696323, 114878.39339094184, 116068.9337589847, 117202.78275794817, 118444.42407471905, 119611.16717948332, 120741.3602156131, 121881.87879046718, 123092.6766899593, 124214.3081405931, 125433.94138536091, 126566.94818990858, 127722.40360890178, 128832.77655569992, 130033.16093240304, 131088.1097485446, 132149.6313149024, 133211.96652545445, 134317.34239239746, 135464.2906935773, 136580.86207086794, 137655.98308358286, 138759.06959097754, 139875.94562940748, 140966.73215035436, 142049.52222267626, 143102.38600672662, 144244.40288216094, 145288.19938917944, 146361.900722693, 147458.4790596977, 148507.79437599136, 149580.02885579647, 150655.39937522754, 151765.23634009674, 152835.18055933889],