{"epsilon-greedy-explore": [13171.168472157551, 25078.03401963366, 30209.45718821969, 34873.45482926855, 39233.80423613712, 43294.483087148205, 47131.94620087725, 50895.64085872095, 54531.64163923022, 57984.90631336062, 61416.82304889163, 64591.357030370935, 67666.43488306188, 70673.32505529959, 73688.31701471683, 76605.69598397335, 79458.38848126645, 82317.36155133593, 84956.255779065, 87614.5252006804, 90264.62355445967, 92811.40664780242, 95473.88912663692, 97980.83350476451, 100459.26165408382, 103059.02963442235, 105494.79027548412, 107840.60041737274, 110259.02102721318, 112584.26732183209, 114884.64259183439, 117174.74556418197, 119417.78421027193, 121696.90562557313, 123928.97190403238, 126154.70428624788, 128364.86651887321, 130584.38721181283, 132743.02884665647, 134984.317810762, 137132.2713527324, 139228.64140009263, 141319.79713191238, 143451.7571385554, 145676.34038746794, 147780.11116886142, 149751.2984000512, 151867.40846345125, 153971.936438486, 156018.7036145492, 158111.07930762085, 160150.7697478995, 162091.83957992046, 164239.73128780833, 166222.0764995066, 168265.9465812791, 170261.92141718743, 172216.04902362172, 174064.81891129512, 175955.0454409754, 177882.81467103798, 179752.95856857084, 181674.42935999826, 183434.5953284594, 185280.84369607572, 187209.429013588, 189086.52339767228, 190949.9696784576, 192857.11553343455, 194688.90978720583, 196507.85254203714, 198359.5353930807, 200131.26837571128, 201869.6954385139, 203636.28473471856, 205395.3881395718, 207120.81911146847, 208769.81592344373, 210560.68628308986, 212359.94248299298, 214133.94164396738, 215921.31696787712, 217662.17636761346, 219415.45422109572, 221130.68141971802, 222789.9729358407, 224529.9563389463, 226205.9919727223, 227969.9315054292, 229726.83290347512, 231469.39483372314, 233217.4705692457, 234934.86551317756, 236686.02101323067, 238414.7768168646, 240019.67903835909, 241715.7849221367, 243432.20807668025, 245148.60325665108, 246816.72901455345], "epsilon-greedy-explore-no-cascade": [13134.168472157551, 25357.03401963366, 30673.45718821969, 35373.45482926855, 39396.80423613712, 43351.483087148205, 47060.94620087725, 50776.64085872095, 54460.64163923022, 57962.90631336062, 61396.82304889163, 64700.357030370935, 67976.43488306188, 71057.32505529959, 74181.31701471683, 77222.69598397335, 80174.38848126645, 83043.36155133593, 85997.255779065, 88886.5252006804, 91674.62355445967, 94314.40664780242, 97045.88912663692, 99695.83350476451, 102317.26165408382, 104953.02963442235, 107638.79027548412, 110261.60041737274, 112808.02102721318, 115196.26732183209, 117750.64259183439, 120167.74556418197, 122622.78421027193, 125060.90562557313, 127432.97190403238, 129759.70428624788, 132089.8665188732, 134373.3872118128, 136779.02884665644, 139077.31781076198, 141277.27135273238, 143515.64140009263, 145761.79713191238, 147965.7571385554, 150276.34038746794, 152439.11116886142, 154648.2984000512, 156676.40846345125, 158820.936438486, 160904.7036145492, 162921.07930762085, 165055.7697478995, 167146.83957992046, 169080.73128780833, 171080.0764995066, 173160.9465812791, 175165.92141718743, 177181.04902362172, 179213.81891129512, 181218.0454409754, 183194.81467103798, 185149.95856857084, 187187.42935999826, 189095.5953284594, 191017.84369607572, 192917.429013588, 194888.52339767228, 196810.9696784576, 198720.11553343455, 200648.90978720583, 202660.85254203714, 204661.5353930807, 206656.26837571128, 208650.6954385139, 210533.28473471856, 212394.3881395718, 214325.81911146847, 216253.81592344373, 218098.68628308986, 219895.94248299298, 221700.94164396738, 223576.31696787712, 225467.17636761346, 227346.45422109572, 229251.68141971802, 231058.9729358407, 232882.9563389463, 234709.9919727223, 236537.9315054292, 238285.83290347512, 240025.39483372314, 241884.4705692457, 243710.86551317756, 245475.02101323067, 247292.7768168646, 249012.67903835909, 250846.7849221367, 252698.20807668025, 254471.60325665108, 256256.72901455345], "ts-seg-pessimistic": [13125.168472157551, 24033.03401963366, 29633.45718821969, 34148.45482926855, 37998.80423613712, 41461.483087148205, 44666.94620087725, 47707.64085872095, 50446.64163923022, 53020.90631336062, 55384.82304889163, 57738.357030370935, 60020.434883061884, 62227.32505529958, 64263.31701471683, 66127.69598397335, 67953.38848126645, 69725.36155133593, 71515.255779065, 73227.5252006804, 74864.62355445967, 76486.40664780242, 78095.88912663692, 79738.83350476451, 81276.26165408382, 82691.02963442235, 84093.79027548412, 85636.60041737274, 87142.02102721318, 88563.26732183209, 89943.64259183439, 91201.74556418197, 92497.78421027193, 93815.90562557313, 95217.97190403238, 96557.70428624788, 97868.86651887321, 99262.38721181283, 100410.02884665647, 101514.31781076202, 102638.27135273241, 103877.64140009265, 105052.79713191238, 106231.75713855539, 107287.3403874679, 108428.11116886137, 109526.29840005116, 110679.40846345121, 111708.93643848598, 112781.70361454917, 113860.07930762082, 114884.76974789947, 115913.83957992044, 116927.73128780833, 117904.0764995066, 119003.9465812791, 119975.92141718743, 120898.0490236217, 121945.81891129512, 122936.0454409754, 123894.81467103798, 124912.95856857084, 125981.42935999825, 126950.5953284594, 127833.84369607572, 128724.42901358799, 129517.52339767225, 130412.96967845756, 131321.11553343452, 132242.9097872058, 133064.85254203714, 133996.5353930807, 134986.26837571128, 135905.6954385139, 136797.28473471856, 137627.3881395718, 138514.81911146847, 139439.81592344373, 140274.68628308986, 141130.94248299298, 141936.94164396738, 142736.31696787712, 143615.17636761346, 144415.45422109572, 145283.68141971802, 146056.9729358407, 146852.9563389463, 147701.9919727223, 148453.9315054292, 149239.83290347512, 150044.39483372314, 150838.4705692457, 151688.86551317756, 152431.02101323067, 153226.7768168646, 153982.67903835909, 154728.7849221367, 155555.20807668025, 156338.60325665108, 157078.72901455345], "ts-seg-pessimistic-no-cascade": [13115.168472157551, 24620.03401963366, 30495.45718821969, 35223.45482926855, 39321.80423613712, 43014.483087148205, 46512.94620087725, 49688.64085872095, 52667.64163923022, 55476.90631336062, 58224.82304889163, 60892.357030370935, 63460.434883061884, 66017.32505529959, 68513.31701471683, 70949.69598397335, 73330.38848126645, 75703.36155133593, 77969.255779065, 80222.5252006804, 82403.62355445967, 84610.40664780242, 86752.88912663692, 88820.83350476451, 90867.26165408382, 92981.02963442235, 95019.79027548412, 97038.60041737274, 98957.02102721318, 100898.26732183209, 102793.64259183439, 104725.74556418197, 106633.78421027193, 108515.90562557313, 110457.97190403238, 112297.70428624788, 114094.86651887321, 115883.38721181283, 117640.02884665647, 119452.31781076202, 121223.27135273241, 123001.64140009265, 124691.79713191238, 126411.75713855539, 127982.3403874679, 129718.11116886137, 131267.29840005116, 132956.40846345123, 134679.93643848598, 136247.70361454916, 137876.07930762082, 139395.76974789947, 140994.83957992046, 142488.73128780833, 144060.0764995066, 145584.9465812791, 146998.92141718743, 148396.04902362172, 149980.81891129512, 151499.0454409754, 152980.81467103798, 154444.95856857084, 155840.42935999826, 157369.5953284594, 158902.84369607572, 160282.429013588, 161778.52339767228, 163195.9696784576, 164710.11553343455, 166033.90978720583, 167425.85254203714, 168876.5353930807, 170281.26837571128, 171667.6954385139, 173020.28473471856, 174447.3881395718, 175833.81911146847, 177134.81592344373, 178590.68628308986, 179903.94248299298, 181178.94164396738, 182480.31696787712, 183792.17636761346, 185175.45422109572, 186438.68141971802, 187807.9729358407, 189010.9563389463, 190297.9919727223, 191490.9315054292, 192650.83290347512, 193927.39483372314, 195120.4705692457, 196289.86551317756, 197596.02101323067, 198832.7768168646, 200053.67903835909, 201204.7849221367, 202417.20807668025, 203599.60325665108, 204743.72901455345]}