{"epsilon-greedy-explore": [13009.886319059302, 24841.191173007493, 29937.84075047666, 34619.81180822541, 39025.45093737356, 43004.18806640229, 46770.07579910918, 50465.28200073296, 53984.34183037739, 57483.50615120333, 60930.644326319976, 64175.14872393565, 67256.7012693818, 70458.22448480522, 73648.83923683064, 76581.8925008311, 79552.10448685187, 82423.9933409856, 85189.7142502255, 88060.725487188, 90891.77070692815, 93643.74554059372, 96305.91905823976, 99002.06946697539, 101566.45805591333, 104225.95786643373, 106858.16478480391, 109331.32409528489, 111870.57830327858, 114476.9971406178, 116941.73083887089, 119379.90417232332, 121733.59016064151, 124075.4102855748, 126526.03498911612, 128794.71334050462, 131198.00320113075, 133504.1068473302, 135721.20635784153, 138125.7629450544, 140348.14971802654, 142531.89090112736, 144691.07102410163, 147008.0636960512, 149111.82335005977, 151290.84573223436, 153409.1454803977, 155573.643758186, 157556.75177116948, 159638.3503291834, 161752.92497862122, 163892.87346610473, 166048.99131135762, 168108.85646649057, 170188.57173154983, 172151.062977243, 174213.57582417337, 176239.81952794507, 178314.40405961, 180322.0979173577, 182424.58602744056, 184417.19557223338, 186409.19965693605, 188351.44392377196, 190329.11780064067, 192280.15274118708, 194300.3684201826, 196279.21944299925, 198183.04999911293, 200146.72642279405, 202105.37239825577, 204035.5150693917, 206022.60007312676, 208009.97554157575, 209875.2524985078, 211778.12827572552, 213673.52979235377, 215552.99204635664, 217505.019548833, 219426.66306167885, 221270.47908315918, 222987.24707561283, 224801.43323091225, 226733.9064039724, 228473.43612533974, 230245.46484797125, 232126.8768367901, 234060.1465631258, 235866.4620497065, 237749.09863046257, 239481.82647496698, 241289.12229928788, 243119.79437520372, 244892.23883974526, 246665.48692229207, 248372.78637851396, 250251.65938829284, 251956.07790935365, 253668.37393779252, 255349.771122766], "epsilon-greedy-explore-no-cascade": [13100.886319059302, 25069.191173007493, 30217.84075047666, 35255.81180822541, 39792.45093737356, 43900.18806640229, 47979.07579910918, 51832.28200073296, 55657.34183037739, 59264.50615120333, 62808.644326319976, 66216.14872393565, 69624.7012693818, 73043.22448480522, 76337.83923683064, 79618.8925008311, 82755.10448685187, 85859.9933409856, 88818.7142502255, 91897.725487188, 94768.77070692815, 97523.74554059372, 100325.91905823976, 103046.06946697539, 105677.45805591333, 108411.95786643373, 111063.16478480391, 113711.32409528489, 116210.57830327858, 118738.9971406178, 121211.73083887089, 123574.90417232332, 125968.59016064151, 128308.4102855748, 130646.03498911612, 132916.71334050462, 135234.00320113075, 137652.1068473302, 139919.20635784153, 142200.7629450544, 144519.14971802654, 146675.89090112736, 148922.07102410163, 151121.0636960512, 153496.82335005977, 155581.84573223436, 157788.1454803977, 159921.643758186, 162147.75177116948, 164356.3503291834, 166448.92497862122, 168473.87346610473, 170512.99131135762, 172629.85646649057, 174682.57173154983, 176697.062977243, 178801.57582417337, 180870.81952794507, 182761.40405961, 184784.0979173577, 186740.58602744056, 188662.19557223338, 190744.19965693605, 192687.44392377196, 194658.11780064067, 196661.15274118708, 198646.3684201826, 200449.21944299925, 202385.04999911293, 204200.72642279405, 206224.37239825577, 208199.5150693917, 210136.60007312676, 212015.97554157575, 213886.2524985078, 215784.12827572552, 217679.52979235377, 219546.99204635664, 221300.019548833, 223088.66306167885, 224886.47908315918, 226686.24707561283, 228599.43323091225, 230424.9064039724, 232272.43612533974, 234076.46484797125, 235951.8768367901, 237748.1465631258, 239531.4620497065, 241324.09863046257, 243180.82647496698, 245006.12229928788, 246779.79437520372, 248666.23883974526, 250483.48692229207, 252221.78637851396, 254007.65938829284, 255726.07790935365, 257529.37393779252, 259186.771122766], "ts-seg-pessimistic": [13025.886319059302, 23728.191173007493, 29716.84075047666, 34112.81180822541, 38074.45093737356, 41594.18806640229, 44897.07579910918, 47922.28200073296, 50762.34183037739, 53385.50615120333, 55900.644326319976, 58292.14872393565, 60610.7012693818, 62763.22448480523, 64972.839236830645, 67044.8925008311, 69038.10448685187, 70990.9933409856, 72778.7142502255, 74626.725487188, 76457.77070692815, 78279.74554059372, 80089.91905823976, 81703.06946697539, 83374.45805591333, 85004.95786643373, 86579.16478480391, 88173.32409528489, 89700.57830327858, 91175.9971406178, 92657.73083887089, 94091.90417232332, 95427.59016064151, 96829.4102855748, 98185.03498911612, 99478.71334050462, 100682.00320113075, 101986.1068473302, 103295.20635784151, 104487.76294505439, 105837.14971802653, 107091.89090112736, 108317.07102410162, 109583.06369605116, 110786.82335005976, 111944.84573223433, 113052.14548039767, 114221.64375818594, 115341.75177116941, 116476.35032918332, 117484.92497862114, 118523.87346610466, 119637.99131135756, 120771.85646649051, 121788.57173154979, 122786.06297724297, 123838.57582417333, 124811.81952794503, 125839.40405960995, 126877.09791735763, 127757.5860274405, 128776.19557223332, 129747.19965693598, 130651.44392377188, 131623.11780064058, 132479.15274118696, 133478.3684201825, 134384.21944299914, 135320.04999911282, 136238.72642279393, 137141.37239825565, 137953.51506939158, 138815.60007312664, 139757.97554157564, 140566.25249850767, 141430.1282757254, 142275.52979235366, 143107.99204635652, 143917.01954883288, 144739.66306167873, 145618.47908315907, 146430.24707561271, 147269.43323091214, 148053.90640397227, 148899.43612533962, 149820.46484797113, 150667.87683678998, 151491.1465631257, 152229.46204970637, 153066.09863046245, 153847.82647496686, 154563.12229928776, 155218.7943752036, 155905.23883974514, 156612.48692229195, 157346.78637851385, 158181.65938829273, 158931.07790935354, 159669.3739377924, 160482.77112276587], "ts-seg-pessimistic-no-cascade": [13088.886319059302, 24601.191173007493, 30927.84075047666, 35724.81180822541, 39639.45093737356, 43192.18806640229, 46596.07579910918, 49717.28200073296, 52694.34183037739, 55425.50615120333, 58106.644326319976, 60643.14872393565, 63098.7012693818, 65528.22448480523, 67913.83923683065, 70312.89250083112, 72700.10448685188, 74990.99334098562, 77243.71425022552, 79497.72548718801, 81592.77070692816, 83712.74554059372, 85725.91905823976, 87816.06946697539, 89889.45805591333, 91998.95786643373, 93950.16478480391, 95838.32409528489, 97643.57830327858, 99571.9971406178, 101453.73083887089, 103375.90417232332, 105203.59016064151, 107101.4102855748, 108837.03498911612, 110711.71334050462, 112640.00320113075, 114458.1068473302, 116313.20635784151, 118000.76294505439, 119750.14971802653, 121471.89090112736, 123195.07102410162, 124831.06369605116, 126477.82335005976, 128058.84573223433, 129739.14548039767, 131349.64375818594, 133053.75177116942, 134686.35032918333, 136349.92497862116, 137966.87346610468, 139549.99131135756, 141046.8564664905, 142608.57173154977, 144190.06297724295, 145644.5758241733, 147199.81952794502, 148687.40405960995, 150234.09791735763, 151800.5860274405, 153257.19557223332, 154715.199656936, 156165.4439237719, 157621.1178006406, 159017.15274118702, 160463.36842018255, 161834.2194429992, 163184.04999911287, 164664.726422794, 166074.3723982557, 167483.51506939164, 168825.6000731267, 170172.9755415757, 171625.25249850773, 172954.12827572547, 174347.52979235371, 175791.99204635658, 177209.01954883293, 178610.6630616788, 180039.47908315912, 181363.24707561277, 182639.4332309122, 183954.90640397233, 185269.43612533968, 186589.4648479712, 187965.87683679003, 189184.14656312575, 190499.46204970643, 191717.0986304625, 192997.82647496692, 194215.12229928782, 195379.79437520367, 196593.2388397452, 197818.486922292, 199144.7863785139, 200273.65938829278, 201420.0779093536, 202633.37393779246, 203789.77112276593]}