{"epsilon-greedy-explore": [8887.435259154881, 10674.047149235865, 12057.095614215312, 13492.507003786113, 14902.080794841479, 16200.322868636378, 17538.20001078133, 18982.56366497416, 20171.205355246326, 21376.179143994825, 22579.084974705853, 23917.390950341258, 25277.601510029242, 26616.2252957635, 27914.463523760423, 29243.614129246038, 30573.615983636257, 31945.111700477777, 33366.62212135549, 34725.14808961004, 36029.80940477804, 37327.387613769315, 38559.76424630615, 39862.23678507478, 41127.694177727586, 42464.29134065883, 43887.68762453066, 45156.98620137552, 46356.57233845306, 47758.44804005603, 49063.99408032869, 50521.384368937834, 51812.11915457521, 53054.615931555134, 54248.63279128651, 55536.59585695857, 56797.10738279462, 58149.455710108305, 59530.480637571105, 60788.3517225036, 62182.688273535474, 63456.903255629804, 64882.38850058706, 66188.49551146229, 67456.01646569339, 68637.19210608801, 70013.4499613798, 71259.09846028037, 72631.00005674385, 73835.72288791536, 75102.00624468896, 76468.58788986056, 77876.3869139696, 79178.29897137839, 80419.3017546719, 81848.33426318897, 83141.23808797782, 84357.54380751333, 85648.36369855009, 87001.92433422283, 88264.03743374598, 89581.05789637975, 90839.21669271383, 92081.18367679529, 93418.83900373094, 94748.11275080315, 96088.35872936768, 97440.52959355369, 98694.44665376723, 99970.94596193457, 101268.235237396, 102514.22723530847, 103747.25676463507, 105129.02452489645, 106418.4850621884, 107787.1817292489, 109114.7778774018, 110395.56991370613, 111748.54979592116, 113001.94101939234, 114362.90185715213, 115673.00695441378, 116953.00958603581, 118161.87226780635, 119372.69602350927, 120661.97740066443, 122026.45243766866, 123285.49558611432, 124575.4810205247, 125862.00009778929, 127244.44229470001, 128499.39152711435, 129754.11814682113, 131098.24173381252, 132481.92471677627, 133843.17386419055, 135128.98011987706, 136430.60012804804, 137678.23639064844, 139143.4197645412], "epsilon-greedy-explore-no-cascade": [8851.435259154881, 10670.047149235865, 12689.095614215312, 14632.507003786113, 16587.08079484148, 18352.32286863638, 20108.200010781333, 21957.563664974165, 23415.20535524633, 25287.17914399483, 26812.08497470586, 28311.390950341265, 29618.60151002925, 30833.225295763506, 32326.46352376043, 33572.614129246045, 35074.615983636264, 36534.111700477784, 37962.622121355496, 39237.14808961004, 40688.80940477804, 42154.387613769315, 43439.76424630615, 44899.23678507478, 46477.694177727586, 47752.29134065883, 49200.68762453066, 50628.98620137552, 52002.57233845306, 53452.44804005603, 54818.99408032869, 56105.384368937834, 57423.11915457521, 58691.615931555134, 59965.63279128651, 61293.59585695857, 62523.10738279462, 63915.455710108305, 65290.480637571105, 66545.3517225036, 67923.68827353549, 69245.90325562982, 70586.38850058707, 72056.4955114623, 73464.0164656934, 74837.19210608801, 76184.4499613798, 77443.09846028037, 78889.00005674385, 80240.72288791536, 81606.00624468896, 82971.58788986056, 84324.3869139696, 85594.29897137839, 86955.3017546719, 88280.33426318897, 89553.23808797782, 90868.54380751333, 92102.36369855009, 93463.92433422283, 94804.03743374598, 96200.05789637975, 97657.21669271383, 99031.18367679529, 100557.83900373094, 101939.11275080315, 103227.35872936768, 104473.52959355369, 105842.44665376723, 107129.94596193457, 108541.235237396, 109711.22723530847, 111013.25676463507, 112350.02452489645, 113669.4850621884, 114950.1817292489, 116204.7778774018, 117535.56991370613, 118859.54979592116, 120193.94101939234, 121515.90185715213, 122731.00695441378, 124164.00958603581, 125468.87226780635, 126768.69602350927, 128050.97740066443, 129303.45243766866, 130677.49558611432, 132100.4810205247, 133410.00009778928, 134779.44229469998, 136256.39152711432, 137563.1181468211, 138860.2417338125, 140171.92471677624, 141394.17386419052, 142589.98011987703, 143939.600128048, 145177.2363906484, 146437.41976454118], "ts-seg-pessimistic": [8828.435259154881, 9948.047149235865, 10790.095614215312, 11404.507003786113, 12035.080794841479, 12483.322868636378, 13141.200010781331, 13792.563664974163, 14356.205355246328, 14855.179143994827, 15347.084974705856, 15833.39095034126, 16318.601510029246, 16819.225295763506, 17389.46352376043, 17959.614129246045, 18609.615983636264, 19106.111700477784, 19644.622121355496, 20237.148089610044, 20859.809404778047, 21337.387613769326, 21826.764246306164, 22321.236785074794, 22790.694177727597, 23147.291340658834, 23659.68762453067, 24132.986201375526, 24628.572338453065, 25097.44804005604, 25563.994080328703, 25987.38436893785, 26545.119154575226, 27135.615931555156, 27578.63279128653, 28149.595856958593, 28701.10738279464, 29295.455710108326, 29710.480637571127, 30159.35172250362, 30707.6882735355, 31367.903255629833, 31800.38850058709, 32392.49551146232, 32859.01646569342, 33427.192106088034, 33841.44996137982, 34334.09846028039, 34887.000056743884, 35334.722887915384, 35899.00624468899, 36463.58788986058, 36905.386913969625, 37394.29897137841, 37829.30175467192, 38390.33426318898, 38909.238087977836, 39445.54380751334, 39872.3636985501, 40394.92433422283, 40951.03743374598, 41490.05789637974, 41989.216692713824, 42469.18367679528, 42950.83900373093, 43449.11275080313, 43818.35872936766, 44362.52959355366, 44824.446653767205, 45365.94596193456, 45848.23523739598, 46373.227235308455, 46926.25676463505, 47418.024524896435, 47862.48506218839, 48285.18172924889, 48716.77787740178, 49158.56991370612, 49612.54979592115, 50099.94101939233, 50513.90185715213, 51072.00695441378, 51424.00958603581, 51865.87226780634, 52420.69602350926, 52881.97740066442, 53384.452437668646, 53898.49558611432, 54449.48102052469, 54890.000097789285, 55287.4422947, 55786.391527114334, 56265.118146821114, 56761.241733812516, 57251.92471677626, 57684.17386419054, 58085.980119877044, 58639.60012804804, 59137.23639064844, 59486.41976454119], "ts-seg-pessimistic-no-cascade": [8865.435259154881, 10349.047149235865, 11565.095614215312, 12554.507003786113, 13379.080794841479, 14255.322868636378, 15085.200010781331, 15801.563664974163, 16404.205355246326, 17059.179143994825, 17866.084974705853, 18589.390950341258, 19178.601510029242, 19746.2252957635, 20378.463523760423, 20988.614129246038, 21598.615983636257, 22205.111700477777, 22796.62212135549, 23453.148089610037, 23894.80940477804, 24548.38761376932, 25079.764246306157, 25677.236785074787, 26388.69417772759, 27003.291340658827, 27465.687624530663, 27960.98620137552, 28503.572338453057, 28997.44804005603, 29405.994080328695, 29946.38436893784, 30486.11915457522, 31055.61593155515, 31568.632791286524, 32072.595856958586, 32600.10738279463, 33264.45571010832, 33806.48063757112, 34303.35172250361, 34769.68827353549, 35404.90325562982, 36012.388500587076, 36631.4955114623, 37061.01646569341, 37560.19210608802, 38062.4499613798, 38525.09846028037, 39079.00005674387, 39631.72288791537, 40164.00624468898, 40620.587889860566, 41194.38691396961, 41698.2989713784, 42274.301754671906, 42846.33426318897, 43323.23808797782, 43785.54380751333, 44391.363698550085, 44863.924334222815, 45449.037433745965, 45872.05789637972, 46388.21669271381, 46917.18367679526, 47473.839003730915, 48020.11275080311, 48481.35872936765, 48926.52959355365, 49460.44665376719, 49886.94596193454, 50453.235237395966, 50936.22723530844, 51401.256764635036, 51855.02452489642, 52270.485062188374, 52812.18172924888, 53341.777877401764, 53818.5699137061, 54443.549795921135, 54898.94101939232, 55435.901857152116, 55975.006954413766, 56486.0095860358, 56992.87226780633, 57452.69602350925, 58025.97740066441, 58533.45243766863, 58961.4955861143, 59498.481020524676, 60088.00009778927, 60605.442294699984, 61046.39152711432, 61456.1181468211, 61909.2417338125, 62373.924716776244, 62812.173864190525, 63280.98011987703, 63897.60012804803, 64316.236390648424, 64791.41976454118]}