{"epsilon-greedy-explore": [13133.004641100702, 25023.244476291227, 30142.615451977017, 34786.572352822055, 39179.326889844524, 43192.225452530474, 46960.45102509605, 50680.17290698387, 54300.08412518876, 57780.688968089606, 61135.172168813915, 64434.51121004879, 67612.18548359325, 70818.53010341625, 73858.16213724896, 76781.09962458753, 79612.54934916354, 82403.37746267769, 85214.02178141013, 88037.8254793087, 90755.36330232272, 93435.49502144459, 96067.11403722486, 98658.49000000392, 101281.2344142483, 103782.05172267421, 106300.53356895944, 108805.95619509823, 111312.2727666954, 113784.19379751335, 116190.25833677928, 118565.51625120497, 120955.89018936531, 123390.9114354029, 125725.00934806067, 127932.05950877121, 130230.38709927042, 132398.19139185737, 134598.5448458535, 136826.3734992682, 138985.8014153069, 141203.58157030263, 143416.59301579613, 145554.09803876598, 147772.81709579306, 149886.66762328875, 152008.30249024605, 154121.34372089582, 156264.41693074076, 158390.99911205427, 160369.3109165249, 162394.4963883901, 164420.22258198683, 166463.20187117715, 168487.79444143036, 170446.57261782276, 172452.3458957969, 174260.99491575293, 176271.5011594146, 178206.58406765122, 179990.97390104423, 181841.08108970456, 183835.27280828153, 185770.29802285772, 187750.72062007218, 189639.02784041045, 191496.1307806369, 193306.38110292854, 195119.3167876176, 197078.63187264168, 198900.22750515683, 200743.13040435564, 202526.48205797927, 204285.7403168806, 206155.17753080025, 207933.2303139967, 209694.54374248348, 211496.46726171547, 213217.47988510705, 215021.6530054637, 216790.82221511073, 218470.75437557788, 220195.52707660475, 221868.20021472196, 223500.1649062806, 225242.4554543884, 226822.83097076108, 228598.0784909925, 230353.16873778374, 232154.16563633553, 233874.18941758666, 235644.2470941458, 237283.76978351496, 239113.68031486872, 240874.9804281235, 242580.3940958605, 244232.96181901987, 245757.48829665544, 247376.19653962075, 249066.5974796102], "epsilon-greedy-explore-no-cascade": [13055.004641100702, 25027.244476291227, 30318.615451977017, 35073.572352822055, 39374.326889844524, 43411.225452530474, 47275.45102509605, 50993.17290698387, 54509.08412518876, 57960.688968089606, 61255.172168813915, 64666.51121004879, 67887.18548359325, 71104.53010341625, 74146.16213724896, 77202.09962458753, 80141.54934916354, 82939.37746267769, 85897.02178141013, 88756.8254793087, 91523.36330232272, 94315.49502144459, 96949.11403722486, 99440.49000000392, 102137.2344142483, 104706.05172267421, 107179.53356895944, 109708.95619509823, 112357.2727666954, 114913.19379751335, 117404.25833677928, 119939.51625120497, 122425.89018936531, 124726.9114354029, 127209.00934806067, 129511.05950877121, 131799.38709927042, 134060.19139185737, 136419.5448458535, 138693.3734992682, 140946.8014153069, 143210.58157030263, 145402.59301579613, 147563.09803876598, 149648.81709579306, 151958.66762328875, 154059.30249024605, 156157.34372089582, 158147.41693074076, 160271.99911205427, 162353.3109165249, 164458.4963883901, 166542.22258198683, 168571.20187117715, 170737.79444143036, 172826.57261782276, 174874.3458957969, 176971.99491575293, 179045.5011594146, 181036.58406765122, 183079.97390104423, 185170.08108970456, 187176.27280828153, 189272.29802285772, 191249.72062007218, 193239.02784041045, 195214.1307806369, 197190.38110292854, 199079.3167876176, 201071.63187264168, 202988.22750515683, 204865.13040435564, 206831.48205797927, 208793.7403168806, 210585.17753080025, 212497.2303139967, 214335.54374248348, 216308.46726171547, 218197.47988510705, 219977.6530054637, 221930.82221511073, 223757.75437557788, 225611.52707660475, 227442.20021472196, 229197.1649062806, 230995.4554543884, 232846.83097076108, 234641.0784909925, 236436.16873778374, 238330.16563633553, 240135.18941758666, 242008.2470941458, 243828.76978351496, 245636.68031486872, 247434.9804281235, 249154.3940958605, 251022.96181901987, 252835.48829665544, 254589.19653962075, 256232.5974796102], "ts-seg-pessimistic": [13158.004641100702, 23871.244476291227, 29742.615451977017, 34324.572352822055, 38368.326889844524, 42012.225452530474, 45287.45102509605, 48199.17290698387, 50994.08412518876, 53668.688968089606, 56139.172168813915, 58474.51121004879, 60727.185483593246, 62850.530103416255, 64987.16213724897, 66986.09962458754, 68854.54934916356, 70686.3774626777, 72483.02178141015, 74228.8254793087, 75893.36330232272, 77473.49502144459, 79120.11403722486, 80661.49000000392, 82284.2344142483, 83724.05172267421, 85277.53356895944, 86707.95619509823, 88217.2727666954, 89598.19379751335, 91028.25833677928, 92374.51625120497, 93615.89018936531, 94973.9114354029, 96219.00934806067, 97532.05950877121, 98828.38709927042, 100069.19139185738, 101316.5448458535, 102470.3734992682, 103661.8014153069, 104931.58157030263, 106253.59301579614, 107472.098038766, 108607.81709579307, 109816.66762328875, 111082.30249024606, 112248.34372089583, 113376.41693074079, 114579.9991120543, 115675.31091652493, 116929.49638839012, 118063.22258198686, 119066.20187117718, 120170.79444143041, 121278.57261782282, 122211.34589579696, 123250.99491575299, 124308.50115941466, 125381.58406765129, 126390.97390104432, 127519.08108970465, 128605.27280828162, 129590.29802285781, 130562.72062007227, 131547.02784041053, 132492.13078063697, 133373.38110292863, 134264.3167876177, 135242.63187264177, 136145.22750515692, 137015.13040435573, 137869.48205797936, 138702.7403168807, 139564.17753080034, 140448.23031399678, 141390.54374248357, 142251.46726171556, 143111.47988510714, 144074.6530054638, 144921.82221511082, 145834.75437557796, 146636.52707660483, 147478.20021472205, 148308.1649062807, 149175.4554543885, 149986.83097076116, 150848.0784909926, 151591.16873778382, 152485.16563633562, 153268.18941758675, 154197.24709414592, 154997.76978351508, 155872.68031486883, 156677.9804281236, 157443.39409586063, 158206.96181901998, 158919.48829665556, 159743.19653962087, 160546.59747961033], "ts-seg-pessimistic-no-cascade": [13162.004641100702, 24471.244476291227, 30324.615451977017, 34927.572352822055, 39092.326889844524, 42829.225452530474, 46380.45102509605, 49611.17290698387, 52867.08412518876, 56011.688968089606, 58901.172168813915, 61587.51121004879, 64252.185483593246, 66764.53010341625, 69153.16213724896, 71499.09962458753, 73781.54934916354, 76057.37746267769, 78227.02178141013, 80276.8254793087, 82474.36330232272, 84552.49502144459, 86579.11403722486, 88606.49000000392, 90624.2344142483, 92559.05172267421, 94549.53356895944, 96450.95619509823, 98404.2727666954, 100281.19379751335, 102238.25833677928, 104123.51625120497, 105898.89018936531, 107650.9114354029, 109346.00934806067, 111123.05950877121, 112889.38709927042, 114621.19139185738, 116321.5448458535, 118016.3734992682, 119701.8014153069, 121383.58157030263, 123014.59301579614, 124648.098038766, 126241.81709579307, 127738.66762328875, 129460.30249024606, 131005.34372089583, 132558.4169307408, 134133.9991120543, 135739.31091652493, 137260.49638839014, 138787.22258198686, 140309.20187117718, 141805.7944414304, 143285.5726178228, 144850.34589579693, 146324.99491575296, 147820.50115941465, 149325.58406765127, 150843.9739010443, 152341.08108970462, 153762.2728082816, 155266.29802285778, 156711.72062007224, 158098.0278404105, 159441.13078063694, 160831.3811029286, 162248.31678761766, 163729.63187264174, 165173.2275051569, 166507.1304043557, 167830.48205797933, 169182.74031688066, 170526.1775308003, 171944.23031399676, 173288.54374248354, 174633.46726171553, 175970.4798851071, 177122.65300546377, 178472.8222151108, 179833.75437557793, 181131.5270766048, 182380.20021472202, 183605.16490628067, 184903.45545438846, 186143.83097076113, 187335.07849099257, 188623.1687377838, 189846.1656363356, 191026.18941758672, 192139.24709414586, 193432.76978351502, 194608.68031486878, 195832.98042812356, 197004.39409586057, 198208.96181901993, 199480.4882966555, 200724.1965396208, 201851.59747961027]}