{"epsilon-greedy-explore": [13093.513832322593, 24955.262744973545, 30311.91158408244, 34843.66617956877, 39051.08569455286, 43115.75250014498, 46856.328103436084, 50386.71938313262, 53885.78397800744, 57246.407818143314, 60757.51930844138, 63974.240944634745, 67002.94641962007, 70068.700518334, 73059.63915057614, 75920.21196920429, 78781.03843821492, 81514.1888968569, 84442.43224170046, 87177.8172534543, 89853.07855577146, 92524.93291140073, 95114.79660283848, 97756.64119605877, 100430.34127931528, 102844.99149903041, 105185.82084139534, 107606.9859576016, 109976.4527903473, 112319.9707638308, 114754.73548472858, 117082.96201696119, 119453.81859186992, 121723.17636563972, 123963.00452228953, 126183.26678228266, 128426.64550833541, 130632.12797640343, 132904.09663561537, 135097.0865032425, 137310.27752247467, 139421.12904633238, 141592.0969836558, 143683.45180135992, 145743.3291708611, 147847.05960739008, 149886.43709098944, 151878.05635971893, 153841.9926777833, 155703.77649684256, 157705.44090466487, 159598.66375615718, 161595.04043640711, 163505.9581473229, 165556.0287876595, 167480.8918448292, 169414.79186212638, 171357.23345074183, 173183.9570644779, 175183.88397647365, 177141.9348425099, 179097.1382152313, 180888.87048030653, 182774.46563081586, 184718.57812621133, 186449.78268321045, 188299.22740438228, 190119.15510931498, 191935.85370276822, 193750.10564444604, 195628.9787167129, 197487.8104311562, 199277.04012261677, 201178.03801744545, 202901.84397701098, 204710.0841870303, 206513.60666282347, 208351.98645907524, 210289.9143122118, 212079.36739768164, 213767.07510095794, 215505.96793982098, 217376.08605607908, 219128.6341888, 220923.25239324546, 222614.4888897772, 224362.66341950276, 226030.72740670588, 227684.83615846586, 229429.7582680967, 231178.76902951422, 232956.98773015232, 234750.23444488825, 236588.10474890374, 238262.66307200678, 239980.76581561586, 241650.74381226694, 243365.84261314617, 245020.92919351417, 246682.75241743028], "epsilon-greedy-explore-no-cascade": [13120.513832322593, 24713.262744973545, 29864.91158408244, 34430.66617956877, 38563.08569455286, 42607.75250014498, 46282.328103436084, 49793.71938313262, 53256.78397800744, 56581.407818143314, 59926.51930844138, 63138.240944634745, 66174.94641962007, 69288.700518334, 72306.63915057614, 75235.21196920429, 78191.03843821492, 81108.1888968569, 83916.43224170046, 86692.8172534543, 89367.07855577146, 92097.93291140073, 94736.79660283848, 97323.64119605877, 99866.34127931528, 102259.99149903041, 104653.82084139534, 107038.9859576016, 109464.4527903473, 111808.9707638308, 114145.73548472858, 116448.96201696119, 118754.81859186992, 121040.17636563972, 123259.00452228953, 125721.26678228266, 127903.64550833541, 130063.12797640343, 132227.09663561537, 134427.0865032425, 136572.27752247467, 138654.12904633238, 140730.0969836558, 142983.45180135992, 145079.3291708611, 147131.05960739008, 149207.43709098944, 151239.05635971893, 153286.9926777833, 155331.77649684256, 157411.44090466487, 159463.66375615718, 161540.04043640711, 163575.9581473229, 165589.0287876595, 167574.8918448292, 169540.79186212638, 171528.23345074183, 173659.9570644779, 175579.88397647365, 177505.9348425099, 179545.1382152313, 181427.87048030653, 183448.46563081586, 185323.57812621133, 187166.78268321045, 188936.22740438228, 190789.15510931498, 192723.85370276822, 194655.10564444604, 196550.9787167129, 198472.8104311562, 200378.04012261677, 202191.03801744545, 203896.84397701098, 205714.0841870303, 207559.60666282347, 209312.98645907524, 211207.9143122118, 213009.36739768164, 214881.07510095794, 216654.96793982098, 218366.08605607908, 220119.6341888, 221878.25239324546, 223594.4888897772, 225377.66341950276, 227126.72740670588, 228852.83615846586, 230589.7582680967, 232378.76902951422, 234165.98773015232, 235902.23444488825, 237740.10474890374, 239657.66307200678, 241401.76581561586, 243185.74381226694, 244997.84261314617, 246773.92919351417, 248571.75241743028], "ts-seg-pessimistic": [13109.513832322593, 23837.262744973545, 29721.91158408244, 34247.66617956877, 38117.08569455286, 41527.75250014498, 44669.328103436084, 47590.71938313262, 50263.78397800744, 52810.407818143314, 55303.51930844138, 57807.240944634745, 60118.946419620064, 62323.70051833399, 64512.639150576135, 66589.21196920428, 68674.0384382149, 70580.18889685688, 72518.43224170044, 74425.81725345428, 76230.07855577144, 78131.93291140071, 79877.79660283847, 81677.64119605876, 83494.34127931527, 85272.9914990304, 86851.82084139533, 88424.9859576016, 90009.4527903473, 91460.9707638308, 93027.73548472858, 94476.96201696119, 96088.81859186992, 97570.17636563972, 99041.00452228953, 100449.26678228266, 101907.64550833541, 103223.12797640343, 104500.09663561538, 105887.0865032425, 107202.27752247469, 108378.12904633241, 109526.09698365582, 110750.45180135996, 111885.32917086115, 113004.05960739013, 114223.43709098948, 115291.05635971899, 116334.99267778338, 117507.77649684265, 118639.44090466495, 119752.66375615727, 120911.0404364072, 121985.95814732299, 123151.02878765961, 124189.89184482931, 125169.7918621265, 126313.23345074193, 127264.95706447799, 128273.88397647373, 129266.93484250997, 130192.13821523139, 131191.87048030662, 132257.46563081595, 133144.57812621142, 134048.78268321053, 134929.22740438237, 135919.15510931506, 136845.8537027683, 137711.10564444613, 138618.97871671303, 139457.8104311563, 140386.0401226169, 141224.03801744556, 142109.8439770111, 143005.0841870304, 143859.6066628236, 144697.98645907536, 145515.9143122119, 146337.36739768175, 147156.07510095806, 148099.9679398211, 148933.0860560792, 149814.63418880012, 150605.25239324558, 151372.4888897773, 152171.66341950287, 152951.727406706, 153780.83615846597, 154581.7582680968, 155330.76902951434, 156095.98773015244, 156834.23444488837, 157622.10474890386, 158369.6630720069, 159099.76581561597, 159884.74381226706, 160703.8426131463, 161485.92919351428, 162129.7524174304], "ts-seg-pessimistic-no-cascade": [13088.513832322593, 24274.262744973545, 29931.91158408244, 34579.66617956877, 38739.08569455286, 42501.75250014498, 46022.328103436084, 49320.71938313262, 52551.78397800744, 55490.407818143314, 58360.51930844138, 61135.240944634745, 63889.946419620064, 66419.700518334, 68998.63915057614, 71500.21196920429, 73881.03843821492, 76187.1888968569, 78450.43224170046, 80612.8172534543, 82753.07855577146, 84945.93291140073, 86949.79660283848, 88922.64119605877, 90928.34127931528, 92924.99149903041, 94744.82084139534, 96712.9859576016, 98572.4527903473, 100424.9707638308, 102327.73548472858, 104160.96201696119, 106043.81859186992, 107932.17636563972, 109781.00452228953, 111602.26678228266, 113415.64550833541, 115152.12797640343, 116760.09663561538, 118427.0865032425, 120032.27752247469, 121659.12904633241, 123302.09698365582, 124914.45180135996, 126620.32917086115, 128292.05960739013, 129870.43709098948, 131353.056359719, 132934.99267778336, 134519.77649684262, 136118.44090466492, 137623.66375615724, 139217.04043640717, 140677.95814732296, 142272.02878765957, 143716.89184482925, 145179.79186212644, 146786.2334507419, 148219.95706447796, 149621.8839764737, 151058.93484250995, 152388.13821523136, 153819.8704803066, 155252.46563081592, 156743.5781262114, 158133.7826832105, 159588.22740438234, 161040.15510931503, 162402.85370276828, 163767.1056444461, 165196.97871671297, 166549.81043115625, 167778.04012261683, 169062.0380174455, 170432.84397701104, 171770.08418703036, 173016.60666282353, 174394.9864590753, 175740.91431221185, 176970.3673976817, 178347.075100958, 179773.96793982104, 181111.08605607913, 182289.63418880006, 183464.25239324552, 184685.48888977725, 185853.66341950282, 187116.72740670593, 188381.8361584659, 189695.75826809675, 190796.76902951428, 192116.98773015238, 193259.2344448883, 194429.1047489038, 195620.66307200684, 196847.76581561592, 198037.743812267, 199252.84261314623, 200442.92919351422, 201658.75241743034]}