{"epsilon-greedy-explore": [13093.126875468028, 24979.63763770977, 29903.055738771865, 34251.215720367945, 38286.02353742519, 42129.45522797898, 45733.349660865584, 49410.149873400005, 52916.11347255992, 56254.1805048133, 59562.90537355622, 62729.34481122825, 65924.29754887536, 68896.62553953606, 71872.28558858871, 74766.04438683052, 77616.32737087648, 80369.17621225688, 83205.50268082427, 85968.5316818679, 88676.45801928882, 91305.09256705576, 93871.79362514714, 96485.21341459731, 99110.28193889538, 101607.38844964889, 104096.24804107429, 106548.34570374135, 109064.4779659758, 111558.82836027183, 114018.48540399226, 116338.72826676023, 118682.80812713299, 121100.6860479506, 123414.50405678591, 125825.62735093248, 128053.67849165777, 130264.17878863717, 132457.2230450222, 134727.9786093831, 137024.96267996944, 139273.47884014875, 141423.74234956925, 143581.99135317584, 145796.49753264702, 147863.40426829684, 150013.75431724862, 152171.21115686512, 154264.91432599435, 156295.5812903502, 158371.09380266792, 160394.19498335713, 162503.42541926206, 164482.75308740907, 166520.56365373064, 168493.37764224858, 170398.9471884541, 172397.53004096966, 174414.08934975538, 176346.64748017478, 178413.01471592556, 180360.14052907776, 182244.7339509898, 184067.7055510505, 186106.05766909357, 187862.45125357053, 189679.1911731427, 191575.5781127986, 193404.28247199696, 195244.95702936436, 197102.63319928138, 198875.51634014276, 200726.19249535582, 202443.8807792206, 204345.54558296612, 206167.2641030056, 208030.6967231231, 209734.31332783817, 211492.12342149328, 213312.51775485324, 215111.36408903403, 216909.54146749421, 218735.8206880553, 220486.13721229753, 222241.17272804098, 224004.94962472428, 225723.97885421335, 227552.2939518808, 229233.24941281707, 230978.20553374998, 232773.79203358098, 234467.48730118602, 236132.09014741544, 237893.75645093177, 239726.97365928168, 241405.34639901432, 243145.69291696238, 244837.96422857128, 246511.4196308894, 248177.327563606], "epsilon-greedy-explore-no-cascade": [13093.126875468028, 25024.63763770977, 30036.055738771865, 34634.215720367945, 38761.02353742519, 42560.45522797898, 46288.349660865584, 49864.149873400005, 53310.11347255992, 56590.1805048133, 59827.90537355622, 62928.34481122825, 66082.29754887536, 69101.62553953606, 71839.28558858871, 74740.04438683052, 77651.32737087648, 80348.17621225688, 83051.50268082427, 85747.5316818679, 88394.45801928882, 91113.09256705576, 93645.79362514714, 96196.21341459731, 98691.28193889538, 101219.38844964889, 103777.24804107429, 106205.34570374135, 108642.4779659758, 111112.82836027183, 113319.48540399226, 115533.72826676023, 117934.80812713299, 120178.6860479506, 122408.50405678591, 124670.62735093248, 126865.67849165777, 129127.17878863717, 131312.2230450222, 133547.9786093831, 135754.96267996944, 137994.47884014875, 140069.74234956925, 142175.99135317584, 144236.49753264702, 146314.40426829684, 148461.75431724862, 150548.21115686512, 152707.91432599435, 154775.5812903502, 156837.09380266792, 158808.19498335713, 160779.42541926206, 162808.75308740907, 164892.56365373064, 166880.37764224858, 168892.9471884541, 170912.53004096966, 172875.08934975538, 174853.64748017478, 176829.01471592556, 178790.14052907776, 180771.7339509898, 182788.7055510505, 184812.05766909357, 186642.45125357053, 188568.1911731427, 190550.5781127986, 192377.28247199696, 194248.95702936436, 196109.63319928138, 197891.51634014276, 199772.19249535582, 201593.8807792206, 203413.54558296612, 205240.2641030056, 207008.6967231231, 208899.31332783817, 210768.12342149328, 212599.51775485324, 214452.36408903403, 216395.54146749421, 218176.8206880553, 219995.13721229753, 221755.17272804098, 223594.94962472428, 225356.97885421335, 227173.2939518808, 228983.24941281707, 230627.20553374998, 232309.79203358098, 234146.48730118602, 235841.09014741544, 237546.75645093177, 239388.97365928168, 241215.34639901432, 243022.69291696238, 244888.96422857128, 246687.4196308894, 248354.327563606], "ts-seg-pessimistic": [13122.126875468028, 24238.63763770977, 29959.055738771865, 34435.215720367945, 38212.02353742519, 41663.45522797898, 44664.349660865584, 47536.149873400005, 50249.11347255992, 52748.1805048133, 55194.90537355622, 57503.34481122825, 59851.29754887535, 62054.62553953605, 64128.2855885887, 66130.0443868305, 68088.32737087646, 69871.17621225686, 71696.50268082425, 73489.53168186788, 75190.45801928881, 76886.09256705575, 78603.79362514713, 80243.2134145973, 81742.28193889536, 83357.38844964888, 84800.24804107427, 86260.34570374133, 87720.47796597579, 89211.82836027181, 90571.48540399225, 91967.72826676021, 93326.80812713297, 94711.68604795058, 95958.5040567859, 97341.62735093245, 98628.67849165775, 99873.17878863715, 101057.22304502218, 102257.97860938309, 103595.96267996942, 104774.47884014875, 105950.74234956923, 107118.99135317582, 108256.49753264702, 109386.40426829683, 110548.75431724862, 111690.2111568651, 112731.91432599435, 113841.58129035021, 114884.09380266792, 115866.19498335714, 116932.42541926206, 117995.75308740907, 119030.56365373064, 119982.3776422486, 121080.94718845411, 122077.53004096966, 123122.08934975538, 124088.6474801748, 125038.01471592559, 125956.14052907779, 126919.73395098982, 127860.70555105052, 128829.0576690936, 129756.45125357056, 130704.19117314272, 131564.57811279863, 132458.282471997, 133372.95702936436, 134286.63319928138, 135187.51634014276, 136137.19249535582, 137000.8807792206, 137870.54558296612, 138749.2641030056, 139661.6967231231, 140520.31332783817, 141454.12342149328, 142353.51775485324, 143270.36408903403, 144163.54146749421, 145032.8206880553, 146013.13721229753, 146889.17272804098, 147756.94962472428, 148665.97885421335, 149493.2939518808, 150322.24941281707, 151187.20553374998, 152112.79203358098, 152933.48730118602, 153747.09014741544, 154515.75645093177, 155372.97365928168, 156119.34639901432, 156949.69291696238, 157794.96422857128, 158643.4196308894, 159399.327563606], "ts-seg-pessimistic-no-cascade": [13081.126875468028, 23915.63763770977, 29604.055738771865, 34282.215720367945, 38344.02353742519, 42160.45522797898, 45643.349660865584, 48923.149873400005, 52196.11347255992, 55279.1805048133, 58259.90537355622, 61015.34481122825, 63692.29754887535, 66279.62553953605, 68872.2855885887, 71379.0443868305, 73707.32737087646, 76032.17621225686, 78284.50268082425, 80393.53168186788, 82580.45801928881, 84685.09256705575, 86709.79362514713, 88823.2134145973, 90832.28193889536, 92799.38844964888, 94825.24804107427, 96841.34570374133, 98723.47796597579, 100535.82836027181, 102388.48540399225, 104279.72826676021, 106213.80812713297, 108093.68604795058, 109896.5040567859, 111675.62735093245, 113346.67849165775, 115081.17878863715, 116825.22304502218, 118546.97860938309, 120245.96267996942, 121845.47884014875, 123578.74234956923, 125272.99135317582, 126843.49753264702, 128412.40426829683, 130045.75431724862, 131644.21115686512, 133200.91432599435, 134879.5812903502, 136462.09380266792, 138051.19498335713, 139542.42541926206, 141228.75308740907, 142736.56365373064, 144223.37764224858, 145693.9471884541, 147180.53004096966, 148644.08934975538, 150016.64748017478, 151440.01471592556, 152905.14052907776, 154353.7339509898, 155834.7055510505, 157323.05766909357, 158724.45125357053, 160072.1911731427, 161501.5781127986, 162866.28247199696, 164260.95702936436, 165585.63319928138, 166867.51634014276, 168295.19249535582, 169599.8807792206, 171000.54558296612, 172272.2641030056, 173521.6967231231, 174784.31332783817, 176111.12342149328, 177448.51775485324, 178778.36408903403, 180043.54146749421, 181204.8206880553, 182537.13721229753, 183842.17272804098, 185003.94962472428, 186280.97885421335, 187512.2939518808, 188725.24941281707, 190010.20553374998, 191340.79203358098, 192529.48730118602, 193824.09014741544, 195055.75645093177, 196370.97365928168, 197636.34639901432, 198796.69291696238, 199978.96422857128, 201109.4196308894, 202304.327563606]}